n_cases,controls_per_case,control_exposure_prevalence,detectable_or_80pct,power_at_or_3,power_at_or_5,power_at_or_10
5,4,0.1,30.0,0.098,0.21466666666666667,0.462
5,4,0.2,30.0,0.14933333333333335,0.29133333333333333,0.5406666666666666
5,4,0.35,inf,0.13766666666666666,0.243,0.42433333333333334
10,4,0.1,10.0,0.20433333333333334,0.43466666666666665,0.79
10,4,0.2,10.0,0.27566666666666667,0.5366666666666666,0.8346666666666667
10,4,0.35,10.0,0.26366666666666666,0.5166666666666667,0.811
15,4,0.1,10.0,0.2956666666666667,0.598,0.9173333333333333
15,4,0.2,7.0,0.38066666666666665,0.7196666666666667,0.9643333333333334
15,4,0.35,7.0,0.42866666666666664,0.7436666666666667,0.9463333333333334
20,4,0.1,7.0,0.376,0.71,0.9716666666666667
20,4,0.2,5.0,0.492,0.839,0.9883333333333333
20,4,0.35,5.0,0.5433333333333333,0.8616666666666667,0.986
30,4,0.1,5.0,0.49933333333333335,0.877,0.9973333333333333
30,4,0.2,4.0,0.673,0.9563333333333334,0.9996666666666667
30,4,0.35,4.0,0.7313333333333333,0.9646666666666667,1.0
50,4,0.1,4.0,0.711,0.9793333333333333,1.0
50,4,0.2,3.0,0.8856666666666667,0.997,1.0
50,4,0.35,3.0,0.9266666666666666,0.999,1.0
