id,first_ts,last_ts,n_hour_rows,n_days_present,span_days,day_density,daily_rows,sema_first,sema_last,n_sema,sema_days
621e2e8e67b776a24055b564,2021-05-24 00:00:00,2021-08-01 20:00:00,1677,70,69.83333333333333,1.002,71,2021-05-24 22:20:00,2021-07-26 00:00:00,250.0,64.0
621e2eaf67b776a2406b14ac,2021-10-27 00:00:00,2022-01-22 00:00:00,2089,88,87.0,1.011,88,2022-01-05 10:26:00,2022-01-17 00:10:00,48.0,13.0
621e2ed667b776a24085d8d1,2021-05-24 00:00:00,2021-08-17 16:00:00,2057,86,85.66666666666667,1.004,114,2021-05-30 18:20:00,2021-07-26 11:50:00,228.0,58.0
621e2ef567b776a24099f889,2021-05-29 00:00:00,2022-01-22 00:00:00,2331,100,238.0,0.42,100,,,,
621e2efa67b776a2409dd1c3,2021-05-24 00:00:00,2021-09-30 07:00:00,3104,130,129.29166666666666,1.005,137,,,,
621e2f1b67b776a240b3d87c,2021-05-24 00:00:00,2022-01-22 00:00:00,2019,208,243.0,0.856,236,2021-11-21 21:00:00,2022-01-17 00:25:00,226.0,58.0
621e2f3967b776a240c654db,2021-05-24 00:00:00,2021-08-01 22:00:00,1679,70,69.91666666666667,1.001,70,2021-05-24 20:16:00,2021-07-25 23:14:00,249.0,63.0
621e2f5767b776a240d8f9d6,2021-11-12 00:00:00,2022-01-22 00:00:00,1705,72,71.0,1.014,72,2021-11-16 14:20:00,2022-01-17 00:00:00,248.0,63.0
621e2f6167b776a240e082a9,2021-05-24 00:00:00,2021-08-02 23:00:00,1704,71,70.95833333333333,1.001,72,2021-05-24 22:20:00,2021-07-26 00:00:00,250.0,64.0
621e2f7a67b776a240f14425,2021-05-24 00:00:00,2021-07-30 09:00:00,1618,68,67.375,1.009,85,2021-05-24 21:55:00,2021-07-26 11:56:00,250.0,64.0
621e2f9167b776a240011ccb,2021-05-24 00:00:00,2022-01-21 00:00:00,2297,233,242.0,0.963,187,2021-11-15 20:00:00,2022-01-17 11:09:00,251.0,64.0
621e2fb367b776a24015accd,2021-05-24 00:00:00,2021-07-26 16:00:00,1529,64,63.666666666666664,1.005,81,2021-05-25 10:11:00,2021-07-26 12:15:00,251.0,63.0
621e2fce67b776a240279baa,2021-05-24 00:00:00,2021-07-26 13:00:00,1526,64,63.541666666666664,1.007,64,2021-05-24 22:20:00,2021-07-25 22:34:00,250.0,63.0
621e2ff067b776a2403eb737,2021-11-16 00:00:00,2022-01-17 10:00:00,1499,63,62.416666666666664,1.009,68,2021-11-17 17:03:00,2022-01-17 00:10:00,242.0,62.0
621e300767b776a2404dc717,2021-11-05 00:00:00,2022-01-22 00:00:00,1873,79,78.0,1.013,79,2021-11-17 11:18:00,2022-01-16 23:30:00,244.0,61.0
621e301367b776a24057738e,2021-05-24 00:00:00,2021-07-26 15:00:00,1528,64,63.625,1.006,64,2021-05-25 11:21:00,2021-07-26 00:00:00,248.0,63.0
621e301e67b776a240608a72,2021-05-24 00:00:00,2022-01-22 00:00:00,5901,244,243.0,1.004,244,2021-05-24 21:35:00,2022-01-17 00:10:00,498.0,127.0
621e309267b776a240ae1cdb,2021-11-07 00:00:00,2022-01-17 10:00:00,1715,72,71.41666666666667,1.008,77,2021-11-15 22:29:00,2022-01-17 00:05:00,249.0,64.0
621e309b67b776a240b532b0,2021-10-10 00:00:00,2022-01-19 21:00:00,2446,102,101.875,1.001,105,,,,
621e30b267b776a240c5e13f,2021-11-16 00:00:00,2022-01-22 00:00:00,1609,68,67.0,1.015,68,,,,
621e30c867b776a240d4aa6c,2021-05-24 00:00:00,2021-08-01 22:00:00,1679,70,69.91666666666667,1.001,81,2021-05-25 10:22:00,2021-07-26 13:57:00,251.0,63.0
621e30e267b776a240e5bf90,2021-10-07 00:00:00,2022-01-17 09:00:00,2458,103,102.375,1.006,108,2021-11-15 10:38:00,2022-01-17 00:10:00,252.0,64.0
621e30e467b776a240e817c7,2021-05-24 00:00:00,2021-07-31 12:00:00,1645,69,68.5,1.007,74,2021-05-24 20:31:00,2021-07-26 00:00:00,249.0,64.0
621e30f467b776a240f22944,2021-11-03 00:00:00,2022-01-17 22:00:00,1823,76,75.91666666666667,1.001,81,2021-11-15 14:15:00,2022-01-17 10:19:00,253.0,64.0
621e310d67b776a24003096d,2021-10-05 00:00:00,2022-01-22 00:00:00,2617,110,109.0,1.009,110,2021-11-15 12:19:00,2022-01-17 00:10:00,253.0,64.0
621e312a67b776a240164d59,2021-10-06 00:00:00,2022-01-17 11:00:00,2484,104,103.45833333333333,1.005,109,2021-11-15 10:39:00,2022-01-17 00:10:00,252.0,64.0
621e314867b776a24029ebf9,2021-05-24 00:00:00,2021-08-18 13:00:00,2078,87,86.54166666666667,1.005,88,2021-06-01 11:33:00,2021-07-26 00:00:00,220.0,56.0
621e320b67b776a240d36a07,2021-10-28 00:00:00,2022-01-22 00:00:00,2065,87,86.0,1.012,87,,,,
621e322367b776a240e44e9b,2021-10-27 00:00:00,2022-01-22 00:00:00,2089,88,87.0,1.011,88,2021-11-16 12:06:00,2022-01-17 06:10:00,250.0,63.0
621e323667b776a240f19134,2021-06-02 00:00:00,2022-01-22 00:00:00,1951,88,234.0,0.376,88,2021-11-16 10:39:00,2022-01-16 22:02:00,251.0,62.0
621e324e67b776a2400191cb,2021-11-08 00:00:00,2022-01-17 20:00:00,1701,71,70.83333333333333,1.002,76,2021-11-15 12:27:00,2022-01-16 22:24:00,251.0,63.0
621e326767b776a24012e179,2021-05-24 00:00:00,2021-07-31 10:00:00,1643,69,68.41666666666667,1.009,76,2021-05-31 23:15:00,2021-07-26 00:00:00,221.0,57.0
621e328667b776a240281372,2021-05-24 00:00:00,2021-09-19 21:00:00,2854,119,118.875,1.001,132,2021-05-26 11:40:00,2021-07-25 23:00:00,244.0,61.0
621e329067b776a2402ffad2,2021-05-24 00:00:00,2021-07-26 20:00:00,1533,64,63.833333333333336,1.003,70,2021-05-24 22:35:00,2021-07-26 12:10:00,251.0,64.0
621e32af67b776a24045b4cf,2021-05-24 00:00:00,2021-07-26 15:00:00,1528,64,63.625,1.006,64,2021-05-24 20:16:00,2021-07-26 11:50:00,252.0,64.0
621e32d067b776a2405b7d54,2021-10-30 00:00:00,2022-01-22 00:00:00,2017,85,84.0,1.012,85,2021-11-15 12:08:00,2022-01-16 22:35:00,251.0,63.0
621e32d967b776a240627414,2021-05-24 00:00:00,2021-11-01 12:00:00,3877,162,161.5,1.003,162,2021-05-24 20:16:00,2021-07-26 13:15:00,251.0,64.0
621e32e667b776a2406d2f1c,2021-10-18 00:00:00,2022-01-22 00:00:00,2305,97,96.0,1.01,97,2021-11-23 16:00:00,2022-01-17 00:10:00,219.0,56.0
621e331067b776a24085dd3f,2021-11-11 00:00:00,2022-01-17 20:00:00,1629,68,67.83333333333333,1.002,73,2021-11-15 20:35:00,2022-01-17 10:05:00,250.0,64.0
621e332267b776a24092a584,2021-05-24 00:00:00,2021-09-13 17:00:00,2706,113,112.70833333333333,1.003,134,2021-05-24 22:20:00,2021-07-26 14:15:00,251.0,64.0
621e333567b776a240a0c217,2021-05-24 00:00:00,2022-01-22 00:00:00,1994,85,243.0,0.35,85,2021-11-24 00:30:00,2022-01-17 00:20:00,217.0,55.0
621e333967b776a240a3cd06,2021-10-07 00:00:00,2022-01-22 00:00:00,2569,108,107.0,1.009,108,2021-11-27 15:30:00,2022-01-16 23:35:00,204.0,51.0
621e335a67b776a240bb12ff,2021-05-24 00:00:00,2021-07-29 17:00:00,1602,67,66.70833333333333,1.004,73,2021-05-30 12:23:00,2021-07-25 23:35:00,228.0,57.0
621e337667b776a240ce78ab,2021-05-24 00:00:00,2021-08-17 13:00:00,2054,86,85.54166666666667,1.005,114,2021-05-24 20:29:00,2021-07-26 11:26:00,250.0,64.0
621e339967b776a240e502de,2021-10-08 00:00:00,2022-01-17 15:00:00,1392,64,101.625,0.63,66,2021-11-19 16:38:00,2022-01-16 21:30:00,234.0,59.0
621e33b067b776a240f39e56,2021-05-24 00:00:00,2021-07-29 14:00:00,1599,67,66.58333333333333,1.006,73,2021-05-26 14:15:00,2021-07-26 12:46:00,246.0,62.0
621e33cf67b776a240087de9,2021-11-02 00:00:00,2022-01-19 08:00:00,1881,79,78.33333333333333,1.009,82,2021-11-15 22:22:00,2022-01-16 22:12:00,249.0,63.0
621e33ed67b776a2401cf5f7,2021-05-24 00:00:00,2021-07-27 16:00:00,1553,65,64.66666666666667,1.005,88,2021-06-03 19:15:00,2021-07-26 13:01:00,212.0,54.0
621e340467b776a2402d7982,2021-11-13 00:00:00,2022-01-22 00:00:00,1681,71,70.0,1.014,71,2021-11-15 14:50:00,2022-01-16 23:10:00,251.0,63.0
621e341067b776a24037b105,2021-05-24 00:00:00,2021-08-17 14:00:00,2055,86,85.58333333333333,1.005,107,2021-05-30 14:03:00,2021-07-26 00:00:00,228.0,58.0
621e342e67b776a2404ce460,2021-06-14 00:00:00,2022-01-22 00:00:00,5329,223,222.0,1.005,223,,,,
621e345267b776a240691064,2021-10-11 00:00:00,2022-01-22 00:00:00,2473,104,103.0,1.01,104,,,,
621e345c67b776a2407146a8,2021-05-24 00:00:00,2021-08-18 17:00:00,2082,87,86.70833333333333,1.003,94,2021-06-08 21:30:00,2021-07-26 00:00:00,189.0,49.0
621e346f67b776a24081744f,2021-05-24 00:00:00,2022-01-22 00:00:00,5833,244,243.0,1.004,244,2021-11-30 00:30:00,2022-01-17 11:00:00,194.0,49.0
621e34ca67b776a240be3b69,2021-05-24 00:00:00,2021-10-03 17:00:00,3186,133,132.70833333333334,1.002,144,2021-05-24 20:36:00,2021-07-26 00:00:00,250.0,64.0
621e34db67b776a240c9c2be,2021-05-24 00:00:00,2021-09-19 23:00:00,2856,119,118.95833333333333,1.0,137,2021-05-25 10:35:00,2021-07-25 23:00:00,248.0,62.0
621e34ec67b776a240d60873,2021-05-24 00:00:00,2021-10-01 10:00:00,3131,131,130.41666666666666,1.004,134,2021-05-27 13:13:00,2021-07-25 23:00:00,240.0,60.0
621e34f767b776a240de4e1a,2021-05-24 00:00:00,2021-07-26 15:00:00,1528,64,63.625,1.006,66,2021-05-25 19:20:00,2021-07-26 00:00:00,246.0,63.0
621e34ff67b776a240e446d6,2021-05-24 00:00:00,2021-07-26 12:00:00,1525,64,63.5,1.008,78,2021-05-24 22:20:00,2021-07-26 00:00:00,249.0,64.0
621e351a67b776a240f6204b,2021-05-24 00:00:00,2021-09-14 13:00:00,2726,114,113.54166666666667,1.004,135,2021-05-31 14:45:00,2021-07-26 11:50:00,226.0,57.0
621e356967b776a24027bd9f,2021-11-15 00:00:00,2022-01-21 11:00:00,1620,68,67.45833333333333,1.008,69,2021-11-24 19:50:00,2022-01-17 00:10:00,214.0,55.0
621e360b67b776a24039709f,2021-05-24 00:00:00,2021-08-21 19:00:00,2156,90,89.79166666666667,1.002,110,,,,
621e362467b776a2404ad513,2021-04-08 13:00:00,2021-08-01 17:00:00,1737,103,115.16666666666667,0.894,118,2021-04-07 11:59:00,2021-07-26 00:30:00,388.0,108.0
621e366567b776a24076a727,2021-11-13 00:00:00,2022-01-17 10:00:00,1571,66,65.41666666666667,1.009,71,2021-11-16 23:38:00,2022-01-16 22:00:00,245.0,62.0
621e367e67b776a24087d75d,2021-05-24 00:00:00,2022-01-22 00:00:00,5833,244,243.0,1.004,244,2021-11-28 22:54:00,2022-01-16 23:55:00,197.0,50.0
621e36bb67b776a240b40d64,2021-05-24 00:00:00,2021-09-16 18:00:00,2779,116,115.75,1.002,119,2021-05-30 12:23:00,2021-07-26 00:00:00,228.0,58.0
621e36c267b776a240ba2756,2021-05-24 00:00:00,2021-07-28 09:00:00,1570,66,65.375,1.01,88,2021-05-24 22:20:00,2021-07-26 00:00:00,250.0,64.0
621e36dd67b776a240ce9a45,2021-05-24 00:00:00,2021-09-26 22:00:00,3023,126,125.91666666666667,1.001,133,2021-05-26 10:35:00,2021-07-26 00:00:00,244.0,62.0
621e36f967b776a240e5e7c9,2021-04-28 12:00:00,2021-07-26 12:00:00,1584,86,89.0,0.966,98,2021-04-28 12:37:00,2021-07-26 12:29:00,357.0,90.0
621e375367b776a24021e950,2021-11-01 00:00:00,2022-01-22 00:00:00,1946,83,82.0,1.012,83,2021-11-30 12:35:00,2022-01-17 00:10:00,192.0,49.0
621e375b67b776a240290cdc,2021-05-24 00:00:00,2021-08-17 11:00:00,2052,86,85.45833333333333,1.006,86,2021-05-24 22:20:00,2021-07-26 00:00:00,250.0,64.0
