channel_set,run_len_h,n
bpm,1,603
bpm,2,159
bpm,3,100
bpm,4,65
bpm,5,66
bpm,6,52
bpm,7,55
bpm,8,42
bpm,9,47
bpm,10,46
bpm,11,49
bpm,12,54
bpm,13,65
bpm,14,74
bpm,15,85
bpm,16,91
bpm,17,62
bpm,18,57
bpm,19,39
bpm,20,29
bpm,21,19
bpm,22,20
bpm,23,23
bpm,24,17
bpm,25,22
bpm,26,13
bpm,27,13
bpm,28,9
bpm,29,4
bpm,30,8
bpm,31,8
bpm,32,7
bpm,33,9
bpm,34,14
bpm,35,14
bpm,36,17
bpm,37,11
bpm,38,3
bpm,39,10
bpm,40,14
bpm,41,17
bpm,42,8
bpm,43,7
bpm,44,8
bpm,45,12
bpm,46,12
bpm,47,14
bpm,48,10
bpm,49,6
bpm,50,10
bpm,51,6
bpm,52,11
bpm,53,8
bpm,55,7
bpm,56,5
bpm,57,5
bpm,58,7
bpm,59,5
bpm,60,5
bpm,61,7
bpm,62,4
bpm,63,7
bpm,64,5
bpm,65,8
bpm,66,9
bpm,67,9
bpm,68,5
bpm,69,9
bpm,70,10
bpm,71,5
bpm,72,6
bpm,73,6
bpm,74,11
bpm,75,6
bpm,76,9
bpm,77,5
bpm,78,5
bpm,79,4
bpm,80,4
bpm,81,5
bpm,82,6
bpm,83,7
bpm,84,6
bpm,85,4
bpm,86,6
bpm,87,9
bpm,88,7
bpm,89,3
bpm,90,7
bpm,91,3
bpm,92,5
bpm,93,2
bpm,94,1
bpm,95,5
bpm,96,5
bpm,97,6
bpm,98,10
bpm,99,7
bpm,100,4
bpm,101,4
bpm,102,3
bpm,103,4
bpm,104,4
bpm,105,3
bpm,106,1
bpm,107,4
bpm,108,3
bpm,109,2
bpm,110,6
bpm,111,2
bpm,112,4
bpm,113,5
bpm,114,2
bpm,115,1
bpm,116,3
bpm,117,5
bpm,118,3
bpm,119,3
bpm,120,4
bpm,121,4
bpm,122,2
bpm,123,3
bpm,124,1
bpm,125,1
bpm,126,3
bpm,127,4
bpm,128,2
bpm,129,3
bpm,130,4
bpm,131,3
bpm,132,2
bpm,133,8
bpm,134,5
bpm,136,2
bpm,137,1
bpm,139,1
bpm,140,1
bpm,141,2
bpm,142,3
bpm,143,2
bpm,144,4
bpm,145,3
bpm,147,1
bpm,148,1
bpm,149,1
bpm,150,1
bpm,151,1
bpm,152,2
bpm,153,4
bpm,154,2
bpm,155,2
bpm,156,1
bpm,157,2
bpm,160,4
bpm,161,1
bpm,162,3
bpm,163,3
bpm,164,4
bpm,165,1
bpm,166,5
bpm,167,1
bpm,168,1
bpm,169,2
bpm,170,3
bpm,171,1
bpm,172,1
bpm,173,1
bpm,176,2
bpm,178,2
bpm,179,1
bpm,180,2
bpm,181,4
bpm,183,1
bpm,184,1
bpm,185,1
bpm,186,1
bpm,187,1
bpm,188,2
bpm,189,3
bpm,190,2
bpm,191,1
bpm,192,3
bpm,193,1
bpm,194,1
bpm,198,2
bpm,200,1
bpm,201,1
bpm,202,2
bpm,203,1
bpm,204,1
bpm,205,1
bpm,207,1
bpm,208,1
bpm,209,2
bpm,214,3
bpm,215,1
bpm,216,1
bpm,217,3
bpm,218,2
bpm,219,1
bpm,221,3
bpm,222,1
bpm,230,1
bpm,232,2
bpm,236,1
bpm,241,1
bpm,250,1
bpm,255,1
bpm,260,1
bpm,263,2
bpm,266,1
bpm,268,1
bpm,271,1
bpm,272,1
bpm,274,1
bpm,277,1
bpm,287,1
bpm,291,1
bpm,308,1
bpm,314,1
bpm,317,1
bpm,324,1
bpm,325,1
bpm,331,1
bpm,334,1
bpm,336,1
bpm,347,2
bpm,353,2
bpm,357,1
bpm,367,1
bpm,379,1
bpm,380,1
bpm,385,1
bpm,431,1
bpm,433,1
bpm,439,1
bpm,463,1
bpm,600,1
bpm,769,1
bpm+steps,1,601
bpm+steps,2,287
bpm+steps,3,187
bpm+steps,4,144
bpm+steps,5,115
bpm+steps,6,111
bpm+steps,7,86
bpm+steps,8,92
bpm+steps,9,92
bpm+steps,10,92
bpm+steps,11,79
bpm+steps,12,89
bpm+steps,13,97
bpm+steps,14,135
bpm+steps,15,146
bpm+steps,16,160
bpm+steps,17,126
bpm+steps,18,83
bpm+steps,19,120
bpm+steps,20,95
bpm+steps,21,88
bpm+steps,22,96
bpm+steps,23,86
bpm+steps,24,49
bpm+steps,25,67
bpm+steps,26,31
bpm+steps,27,28
bpm+steps,28,20
bpm+steps,29,21
bpm+steps,30,22
bpm+steps,31,18
bpm+steps,32,22
bpm+steps,33,13
bpm+steps,34,17
bpm+steps,35,21
bpm+steps,36,20
bpm+steps,37,14
bpm+steps,38,15
bpm+steps,39,25
bpm+steps,40,27
bpm+steps,41,22
bpm+steps,42,19
bpm+steps,43,26
bpm+steps,44,24
bpm+steps,45,33
bpm+steps,46,21
bpm+steps,47,21
bpm+steps,48,23
bpm+steps,49,16
bpm+steps,50,12
bpm+steps,51,7
bpm+steps,52,10
bpm+steps,53,11
bpm+steps,54,8
bpm+steps,55,6
bpm+steps,56,8
bpm+steps,57,6
bpm+steps,58,10
bpm+steps,59,7
bpm+steps,60,1
bpm+steps,61,6
bpm+steps,62,6
bpm+steps,63,6
bpm+steps,64,11
bpm+steps,65,12
bpm+steps,66,9
bpm+steps,67,11
bpm+steps,68,6
bpm+steps,69,9
bpm+steps,70,11
bpm+steps,71,11
bpm+steps,72,10
bpm+steps,73,14
bpm+steps,74,3
bpm+steps,75,5
bpm+steps,76,4
bpm+steps,77,4
bpm+steps,78,2
bpm+steps,79,3
bpm+steps,80,2
bpm+steps,81,5
bpm+steps,82,3
bpm+steps,83,3
bpm+steps,84,3
bpm+steps,85,3
bpm+steps,86,3
bpm+steps,87,12
bpm+steps,88,3
bpm+steps,89,2
bpm+steps,90,1
bpm+steps,91,6
bpm+steps,92,2
bpm+steps,93,4
bpm+steps,94,5
bpm+steps,95,3
bpm+steps,96,4
bpm+steps,97,2
bpm+steps,98,5
bpm+steps,99,4
bpm+steps,100,8
bpm+steps,101,3
bpm+steps,102,6
bpm+steps,103,2
bpm+steps,104,1
bpm+steps,105,2
bpm+steps,106,3
bpm+steps,107,4
bpm+steps,108,4
bpm+steps,109,1
bpm+steps,110,3
bpm+steps,111,1
bpm+steps,112,5
bpm+steps,113,2
bpm+steps,114,3
bpm+steps,116,3
bpm+steps,117,5
bpm+steps,118,1
bpm+steps,119,2
bpm+steps,120,2
bpm+steps,121,2
bpm+steps,124,1
bpm+steps,125,2
bpm+steps,126,4
bpm+steps,127,1
bpm+steps,128,2
bpm+steps,129,2
bpm+steps,130,2
bpm+steps,133,1
bpm+steps,134,3
bpm+steps,136,1
bpm+steps,138,3
bpm+steps,140,1
bpm+steps,141,1
bpm+steps,142,2
bpm+steps,144,3
bpm+steps,145,1
bpm+steps,146,2
bpm+steps,151,1
bpm+steps,152,2
bpm+steps,153,4
bpm+steps,154,1
bpm+steps,155,1
bpm+steps,160,2
bpm+steps,162,1
bpm+steps,166,1
bpm+steps,179,1
bpm+steps,181,1
bpm+steps,188,2
bpm+steps,190,1
bpm+steps,191,1
bpm+steps,199,2
bpm+steps,209,1
bpm+steps,213,2
bpm+steps,214,1
bpm+steps,220,1
bpm+steps,221,2
bpm+steps,230,1
bpm+steps,234,1
bpm+steps,243,1
bpm+steps,250,1
bpm+steps,255,1
bpm+steps,263,1
bpm+steps,267,1
bpm+steps,272,2
bpm+steps+calories,1,601
bpm+steps+calories,2,287
bpm+steps+calories,3,187
bpm+steps+calories,4,144
bpm+steps+calories,5,115
bpm+steps+calories,6,111
bpm+steps+calories,7,86
bpm+steps+calories,8,92
bpm+steps+calories,9,92
bpm+steps+calories,10,92
bpm+steps+calories,11,79
bpm+steps+calories,12,89
bpm+steps+calories,13,97
bpm+steps+calories,14,135
bpm+steps+calories,15,146
bpm+steps+calories,16,160
bpm+steps+calories,17,126
bpm+steps+calories,18,83
bpm+steps+calories,19,120
bpm+steps+calories,20,95
bpm+steps+calories,21,88
bpm+steps+calories,22,96
bpm+steps+calories,23,86
bpm+steps+calories,24,49
bpm+steps+calories,25,67
bpm+steps+calories,26,31
bpm+steps+calories,27,28
bpm+steps+calories,28,20
bpm+steps+calories,29,21
bpm+steps+calories,30,22
bpm+steps+calories,31,18
bpm+steps+calories,32,22
bpm+steps+calories,33,13
bpm+steps+calories,34,17
bpm+steps+calories,35,21
bpm+steps+calories,36,20
bpm+steps+calories,37,14
bpm+steps+calories,38,15
bpm+steps+calories,39,25
bpm+steps+calories,40,27
bpm+steps+calories,41,22
bpm+steps+calories,42,19
bpm+steps+calories,43,26
bpm+steps+calories,44,24
bpm+steps+calories,45,33
bpm+steps+calories,46,21
bpm+steps+calories,47,21
bpm+steps+calories,48,23
bpm+steps+calories,49,16
bpm+steps+calories,50,12
bpm+steps+calories,51,7
bpm+steps+calories,52,10
bpm+steps+calories,53,11
bpm+steps+calories,54,8
bpm+steps+calories,55,6
bpm+steps+calories,56,8
bpm+steps+calories,57,6
bpm+steps+calories,58,10
bpm+steps+calories,59,7
bpm+steps+calories,60,1
bpm+steps+calories,61,6
bpm+steps+calories,62,6
bpm+steps+calories,63,6
bpm+steps+calories,64,11
bpm+steps+calories,65,12
bpm+steps+calories,66,9
bpm+steps+calories,67,11
bpm+steps+calories,68,6
bpm+steps+calories,69,9
bpm+steps+calories,70,11
bpm+steps+calories,71,11
bpm+steps+calories,72,10
bpm+steps+calories,73,14
bpm+steps+calories,74,3
bpm+steps+calories,75,5
bpm+steps+calories,76,4
bpm+steps+calories,77,4
bpm+steps+calories,78,2
bpm+steps+calories,79,3
bpm+steps+calories,80,2
bpm+steps+calories,81,5
bpm+steps+calories,82,3
bpm+steps+calories,83,3
bpm+steps+calories,84,3
bpm+steps+calories,85,3
bpm+steps+calories,86,3
bpm+steps+calories,87,12
bpm+steps+calories,88,3
bpm+steps+calories,89,2
bpm+steps+calories,90,1
bpm+steps+calories,91,6
bpm+steps+calories,92,2
bpm+steps+calories,93,4
bpm+steps+calories,94,5
bpm+steps+calories,95,3
bpm+steps+calories,96,4
bpm+steps+calories,97,2
bpm+steps+calories,98,5
bpm+steps+calories,99,4
bpm+steps+calories,100,8
bpm+steps+calories,101,3
bpm+steps+calories,102,6
bpm+steps+calories,103,2
bpm+steps+calories,104,1
bpm+steps+calories,105,2
bpm+steps+calories,106,3
bpm+steps+calories,107,4
bpm+steps+calories,108,4
bpm+steps+calories,109,1
bpm+steps+calories,110,3
bpm+steps+calories,111,1
bpm+steps+calories,112,5
bpm+steps+calories,113,2
bpm+steps+calories,114,3
bpm+steps+calories,116,3
bpm+steps+calories,117,5
bpm+steps+calories,118,1
bpm+steps+calories,119,2
bpm+steps+calories,120,2
bpm+steps+calories,121,2
bpm+steps+calories,124,1
bpm+steps+calories,125,2
bpm+steps+calories,126,4
bpm+steps+calories,127,1
bpm+steps+calories,128,2
bpm+steps+calories,129,2
bpm+steps+calories,130,2
bpm+steps+calories,133,1
bpm+steps+calories,134,3
bpm+steps+calories,136,1
bpm+steps+calories,138,3
bpm+steps+calories,140,1
bpm+steps+calories,141,1
bpm+steps+calories,142,2
bpm+steps+calories,144,3
bpm+steps+calories,145,1
bpm+steps+calories,146,2
bpm+steps+calories,151,1
bpm+steps+calories,152,2
bpm+steps+calories,153,4
bpm+steps+calories,154,1
bpm+steps+calories,155,1
bpm+steps+calories,160,2
bpm+steps+calories,162,1
bpm+steps+calories,166,1
bpm+steps+calories,179,1
bpm+steps+calories,181,1
bpm+steps+calories,188,2
bpm+steps+calories,190,1
bpm+steps+calories,191,1
bpm+steps+calories,199,2
bpm+steps+calories,209,1
bpm+steps+calories,213,2
bpm+steps+calories,214,1
bpm+steps+calories,220,1
bpm+steps+calories,221,2
bpm+steps+calories,230,1
bpm+steps+calories,234,1
bpm+steps+calories,243,1
bpm+steps+calories,250,1
bpm+steps+calories,255,1
bpm+steps+calories,263,1
bpm+steps+calories,267,1
bpm+steps+calories,272,2
5x_true_hourly,1,298
5x_true_hourly,2,199
5x_true_hourly,3,152
5x_true_hourly,4,124
5x_true_hourly,5,86
5x_true_hourly,6,72
5x_true_hourly,7,50
5x_true_hourly,8,63
5x_true_hourly,9,61
5x_true_hourly,10,49
5x_true_hourly,11,46
5x_true_hourly,12,51
5x_true_hourly,13,47
5x_true_hourly,14,58
5x_true_hourly,15,67
5x_true_hourly,16,74
5x_true_hourly,17,64
5x_true_hourly,18,63
5x_true_hourly,19,101
5x_true_hourly,20,85
5x_true_hourly,21,84
5x_true_hourly,22,80
5x_true_hourly,23,85
5x_true_hourly,24,62
5x_true_hourly,25,57
5x_true_hourly,26,31
5x_true_hourly,27,25
5x_true_hourly,28,24
5x_true_hourly,29,27
5x_true_hourly,30,18
5x_true_hourly,31,16
5x_true_hourly,32,15
5x_true_hourly,33,12
5x_true_hourly,34,12
5x_true_hourly,35,15
5x_true_hourly,36,22
5x_true_hourly,37,10
5x_true_hourly,38,6
5x_true_hourly,39,16
5x_true_hourly,40,22
5x_true_hourly,41,13
5x_true_hourly,42,18
5x_true_hourly,43,20
5x_true_hourly,44,16
5x_true_hourly,45,22
5x_true_hourly,46,20
5x_true_hourly,47,23
5x_true_hourly,48,24
5x_true_hourly,49,14
5x_true_hourly,50,11
5x_true_hourly,51,8
5x_true_hourly,52,10
5x_true_hourly,53,14
5x_true_hourly,54,10
5x_true_hourly,55,9
5x_true_hourly,56,10
5x_true_hourly,57,6
5x_true_hourly,58,5
5x_true_hourly,59,5
5x_true_hourly,60,3
5x_true_hourly,61,2
5x_true_hourly,62,4
5x_true_hourly,63,6
5x_true_hourly,64,8
5x_true_hourly,65,7
5x_true_hourly,66,8
5x_true_hourly,67,9
5x_true_hourly,68,4
5x_true_hourly,69,5
5x_true_hourly,70,8
5x_true_hourly,71,9
5x_true_hourly,72,12
5x_true_hourly,73,13
5x_true_hourly,74,4
5x_true_hourly,75,6
5x_true_hourly,76,5
5x_true_hourly,77,3
5x_true_hourly,78,5
5x_true_hourly,79,3
5x_true_hourly,80,3
5x_true_hourly,81,5
5x_true_hourly,82,1
5x_true_hourly,83,3
5x_true_hourly,84,5
5x_true_hourly,85,3
5x_true_hourly,86,3
5x_true_hourly,87,10
5x_true_hourly,88,3
5x_true_hourly,89,3
5x_true_hourly,90,1
5x_true_hourly,91,4
5x_true_hourly,92,2
5x_true_hourly,93,7
5x_true_hourly,94,4
5x_true_hourly,95,6
5x_true_hourly,96,6
5x_true_hourly,98,3
5x_true_hourly,99,2
5x_true_hourly,100,2
5x_true_hourly,101,3
5x_true_hourly,102,1
5x_true_hourly,103,1
5x_true_hourly,104,2
5x_true_hourly,106,2
5x_true_hourly,107,3
5x_true_hourly,108,2
5x_true_hourly,110,3
5x_true_hourly,111,1
5x_true_hourly,112,2
5x_true_hourly,113,1
5x_true_hourly,114,3
5x_true_hourly,116,2
5x_true_hourly,117,5
5x_true_hourly,118,2
5x_true_hourly,119,3
5x_true_hourly,120,2
5x_true_hourly,121,1
5x_true_hourly,122,1
5x_true_hourly,123,2
5x_true_hourly,124,2
5x_true_hourly,125,1
5x_true_hourly,126,3
5x_true_hourly,128,1
5x_true_hourly,129,1
5x_true_hourly,130,1
5x_true_hourly,131,1
5x_true_hourly,134,1
5x_true_hourly,138,1
5x_true_hourly,140,1
5x_true_hourly,142,1
5x_true_hourly,144,3
5x_true_hourly,145,1
5x_true_hourly,146,2
5x_true_hourly,151,1
5x_true_hourly,152,3
5x_true_hourly,153,2
5x_true_hourly,155,1
5x_true_hourly,158,1
5x_true_hourly,159,1
5x_true_hourly,169,1
5x_true_hourly,175,1
5x_true_hourly,188,1
5x_true_hourly,190,1
5x_true_hourly,191,1
5x_true_hourly,209,1
5x_true_hourly,213,2
5x_true_hourly,214,1
5x_true_hourly,217,1
5x_true_hourly,220,1
5x_true_hourly,230,1
5x_true_hourly,234,1
5x_true_hourly,243,1
5x_true_hourly,255,1
5x_true_hourly,263,1
5x_hourly+scl_avg,1,115
