channel_set,id,n_runs,max_run_h,median_run_h,total_complete_h,frac_complete,n_runs_ge_4h,n_runs_ge_8h,n_runs_ge_12h,n_runs_ge_24h
bpm,621e2e8e67b776a24055b564,9,433,179.0,1628,0.9708,9,8,8,8
bpm,621e2eaf67b776a2406b14ac,15,379,134.0,1999,0.9569,13,13,13,12
bpm,621e2ed667b776a24085d8d1,34,214,36.0,1830,0.8896,30,26,24,20
bpm,621e2ef567b776a24099f889,79,25,1.0,222,0.0389,16,9,4,1
bpm,621e2efa67b776a2409dd1c3,44,198,2.5,1748,0.5631,21,19,18,16
bpm,621e2f1b67b776a240b3d87c,20,266,76.5,1767,0.3029,19,19,19,18
bpm,621e2f3967b776a240c654db,54,116,14.5,1447,0.8618,48,44,35,19
bpm,621e2f5767b776a240d8f9d6,16,143,12.5,529,0.3103,10,9,9,5
bpm,621e2f6167b776a240e082a9,47,127,16.0,1225,0.7189,28,28,25,18
bpm,621e2f7a67b776a240f14425,23,112,51.0,1312,0.8109,22,21,20,18
bpm,621e2f9167b776a240011ccb,35,200,48.0,2044,0.3519,35,33,31,24
bpm,621e2fb367b776a24015accd,20,217,42.5,1440,0.9418,15,15,14,12
bpm,621e2fce67b776a240279baa,13,277,106.0,1490,0.9764,12,12,12,12
bpm,621e2ff067b776a2403eb737,7,439,188.0,1420,0.9473,7,7,7,7
bpm,621e300767b776a2404dc717,11,188,75.0,803,0.4287,9,9,9,8
bpm,621e301367b776a24057738e,98,20,3.5,591,0.3868,49,34,20,0
bpm,621e301e67b776a240608a72,109,110,4.0,1772,0.3038,55,47,40,26
bpm,621e309267b776a240ae1cdb,9,325,16.0,524,0.3055,9,7,7,2
bpm,621e309b67b776a240b532b0,82,143,4.0,1523,0.6226,45,35,32,22
bpm,621e30b267b776a240c5e13f,15,222,68.0,1342,0.8341,14,14,14,14
bpm,621e30c867b776a240d4aa6c,48,122,21.0,1433,0.8535,39,33,31,22
bpm,621e30e267b776a240e5bf90,1,9,9.0,9,0.0037,1,1,0,0
bpm,621e30e467b776a240e817c7,107,35,3.0,679,0.4128,52,34,19,3
bpm,621e30f467b776a240f22944,16,215,78.0,1533,0.8409,15,15,14,13
bpm,621e310d67b776a24003096d,30,150,51.5,1684,0.6435,26,25,24,20
bpm,621e312a67b776a240164d59,16,291,93.5,1778,0.7158,16,16,16,15
bpm,621e314867b776a24029ebf9,14,334,81.0,1521,0.732,13,12,12,12
bpm,621e320b67b776a240d36a07,30,216,30.5,1490,0.7215,25,22,21,17
bpm,621e322367b776a240e44e9b,13,127,100.0,1061,0.5079,12,12,12,10
bpm,621e323667b776a240f19134,15,317,47.0,1444,0.2571,12,12,11,9
bpm,621e324e67b776a2400191cb,16,230,79.5,1555,0.9142,15,15,15,13
bpm,621e326767b776a24012e179,12,287,104.5,1598,0.9726,12,11,11,11
bpm,621e328667b776a240281372,14,68,14.0,240,0.0841,14,11,10,1
bpm,621e329067b776a2402ffad2,7,385,207.0,1519,0.9909,7,7,7,7
bpm,621e32af67b776a24045b4cf,23,160,52.0,1440,0.9424,22,21,21,21
bpm,621e32d067b776a2405b7d54,22,132,15.5,549,0.2722,15,13,12,8
bpm,621e32d967b776a240627414,44,52,2.5,511,0.1318,21,19,15,10
bpm,621e32e667b776a2406d2f1c,21,331,90.0,2178,0.9449,21,20,20,18
bpm,621e331067b776a24085dd3f,18,181,41.0,1180,0.7244,14,11,10,9
bpm,621e332267b776a24092a584,13,93,52.0,665,0.2458,13,12,11,11
bpm,621e333567b776a240a0c217,8,19,12.0,90,0.0154,7,6,4,0
bpm,621e333967b776a240a3cd06,48,153,17.5,1823,0.7096,37,36,29,21
bpm,621e335a67b776a240bb12ff,17,324,70.0,1535,0.9582,13,12,12,12
bpm,621e337667b776a240ce78ab,21,600,40.0,1982,0.9649,18,17,16,14
bpm,621e339967b776a240e502de,9,463,110.0,1307,0.5357,8,8,8,7
bpm,621e33b067b776a240f39e56,26,189,56.5,1520,0.9506,23,22,22,18
bpm,621e33cf67b776a240087de9,9,431,185.0,1794,0.9537,8,8,8,8
bpm,621e33ed67b776a2401cf5f7,23,119,65.0,1432,0.9221,22,22,22,22
bpm,621e340467b776a2402d7982,93,26,9.0,757,0.4503,55,50,39,1
bpm,621e341067b776a24037b105,12,353,126.0,1691,0.8229,12,12,12,10
bpm,621e342e67b776a2404ce460,239,131,7.0,2540,0.4766,136,116,98,19
bpm,621e345267b776a240691064,37,44,16.0,594,0.2402,29,28,27,5
bpm,621e345c67b776a2407146a8,96,20,14.5,1150,0.5524,79,71,66,0
bpm,621e346f67b776a24081744f,79,271,47.0,5292,0.9073,72,67,64,53
bpm,621e34ca67b776a240be3b69,42,209,3.0,888,0.2787,19,18,17,13
bpm,621e34db67b776a240c9c2be,9,217,37.0,722,0.2528,9,9,8,6
bpm,621e34ec67b776a240d60873,15,85,6.0,261,0.0834,10,7,6,3
bpm,621e34f767b776a240de4e1a,149,18,2.0,552,0.3613,59,21,7,0
bpm,621e34ff67b776a240e446d6,22,202,52.5,1414,0.9272,21,20,19,17
bpm,621e351a67b776a240f6204b,123,113,17.0,2152,0.7894,94,88,81,18
bpm,621e356967b776a24027bd9f,10,272,134.5,1588,0.9802,10,10,10,10
bpm,621e360b67b776a24039709f,27,202,26.0,1353,0.6276,18,18,18,14
bpm,621e362467b776a2404ad513,47,132,23.0,1365,0.4937,30,28,27,22
bpm,621e366567b776a24076a727,15,218,117.0,1470,0.9357,14,14,13,12
bpm,621e367e67b776a24087d75d,30,353,101.5,3484,0.5973,29,27,26,24
bpm,621e36bb67b776a240b40d64,53,19,8.0,418,0.1504,36,27,21,0
bpm,621e36c267b776a240ba2756,57,74,12.0,1277,0.8134,44,36,30,25
bpm,621e36dd67b776a240ce9a45,103,20,15.0,1258,0.4161,83,79,75,0
bpm,621e36f967b776a240e5e7c9,26,127,40.5,1335,0.6247,26,26,26,18
bpm,621e375367b776a24021e950,101,43,4.0,684,0.3474,52,32,19,4
bpm,621e375b67b776a240290cdc,11,769,56.0,1623,0.7909,11,11,10,7
bpm+steps,621e2e8e67b776a24055b564,22,220,48.0,1614,0.9624,19,18,18,17
bpm+steps,621e2eaf67b776a2406b14ac,39,250,31.0,1969,0.9426,31,30,28,22
bpm+steps,621e2ed667b776a24085d8d1,70,146,19.0,1790,0.8702,54,47,44,25
bpm+steps,621e2ef567b776a24099f889,13,17,4.0,62,0.0109,7,3,1,0
bpm+steps,621e2efa67b776a2409dd1c3,54,188,18.0,1689,0.5441,44,36,32,24
bpm+steps,621e2f1b67b776a240b3d87c,98,62,15.5,1684,0.2887,73,64,58,25
bpm+steps,621e2f3967b776a240c654db,80,68,12.0,1406,0.8374,64,53,41,19
bpm+steps,621e2f5767b776a240d8f9d6,26,97,10.0,498,0.2921,19,15,11,6
bpm+steps,621e2f6167b776a240e082a9,79,85,12.0,1147,0.6731,55,46,41,15
bpm+steps,621e2f7a67b776a240f14425,40,105,26.0,1290,0.7973,35,30,30,21
bpm+steps,621e2f9167b776a240011ccb,180,26,8.0,1764,0.3037,112,93,79,1
bpm+steps,621e2fb367b776a24015accd,67,117,12.0,1376,0.8999,48,35,34,23
bpm+steps,621e2fce67b776a240279baa,44,112,24.5,1457,0.9548,38,37,36,23
bpm+steps,621e2ff067b776a2403eb737,44,98,21.5,1381,0.9213,39,38,33,20
bpm+steps,621e300767b776a2404dc717,55,43,16.0,741,0.3956,37,34,30,7
bpm+steps,621e301367b776a24057738e,79,19,5.0,521,0.341,47,32,17,0
bpm+steps,621e301e67b776a240608a72,96,109,10.0,1648,0.2825,67,55,45,23
bpm+steps,621e309267b776a240ae1cdb,17,88,20.0,513,0.2991,17,15,15,7
bpm+steps,621e309b67b776a240b532b0,115,52,9.0,1405,0.5744,82,64,48,15
bpm+steps,621e30b267b776a240c5e13f,47,100,22.0,1301,0.8086,41,39,33,22
bpm+steps,621e30c867b776a240d4aa6c,93,87,9.0,1365,0.813,71,52,39,17
bpm+steps,621e30e267b776a240e5bf90,1,9,9.0,9,0.0037,1,1,0,0
bpm+steps,621e30e467b776a240e817c7,118,31,3.0,582,0.3538,48,31,11,1
bpm+steps,621e30f467b776a240f22944,98,66,15.0,1419,0.7784,66,60,54,14
bpm+steps,621e310d67b776a24003096d,89,67,17.0,1584,0.6053,70,63,57,20
bpm+steps,621e312a67b776a240164d59,21,267,78.0,1773,0.7138,20,20,20,17
bpm+steps,621e314867b776a24029ebf9,47,117,24.0,1481,0.7127,39,36,33,25
bpm+steps,621e320b67b776a240d36a07,79,70,16.0,1427,0.691,60,55,49,21
bpm+steps,621e322367b776a240e44e9b,17,126,76.0,1052,0.5036,17,16,15,10
bpm+steps,621e323667b776a240f19134,91,50,15.0,1335,0.2377,64,55,52,14
bpm+steps,621e324e67b776a2400191cb,46,110,23.0,1522,0.8948,42,40,38,21
bpm+steps,621e326767b776a24012e179,27,263,43.0,1581,0.9623,25,20,19,18
bpm+steps,621e328667b776a240281372,20,59,10.0,231,0.0809,14,11,9,1
bpm+steps,621e329067b776a2402ffad2,25,190,43.0,1501,0.9791,23,23,22,18
bpm+steps,621e32af67b776a24045b4cf,32,120,32.5,1431,0.9365,30,27,27,24
bpm+steps,621e32d067b776a2405b7d54,39,47,10.0,512,0.2538,29,23,18,7
bpm+steps,621e32d967b776a240627414,39,52,8.0,498,0.1284,23,20,15,10
bpm+steps,621e32e667b776a2406d2f1c,48,152,37.0,2148,0.9319,46,44,42,31
bpm+steps,621e331067b776a24085dd3f,100,25,9.0,1049,0.644,64,54,45,2
bpm+steps,621e332267b776a24092a584,26,91,17.5,651,0.2406,24,21,19,12
bpm+steps,621e333567b776a240a0c217,7,19,13.0,86,0.0147,7,6,4,0
bpm+steps,621e333967b776a240a3cd06,66,124,16.0,1779,0.6925,51,44,39,24
bpm+steps,621e335a67b776a240bb12ff,42,138,21.5,1500,0.9363,35,33,30,19
bpm+steps,621e337667b776a240ce78ab,63,234,20.0,1927,0.9382,51,45,41,26
bpm+steps,621e339967b776a240e502de,26,230,26.0,1289,0.5283,22,20,17,13
bpm+steps,621e33b067b776a240f39e56,46,129,22.5,1493,0.9337,37,34,34,22
bpm+steps,621e33cf67b776a240087de9,38,272,29.5,1760,0.9357,32,31,28,22
bpm+steps,621e33ed67b776a2401cf5f7,48,91,22.0,1406,0.9053,44,41,37,23
bpm+steps,621e340467b776a2402d7982,80,24,10.0,675,0.4015,54,47,32,1
bpm+steps,621e341067b776a24037b105,19,221,65.0,1676,0.8156,18,18,17,14
bpm+steps,621e342e67b776a2404ce460,223,65,9.0,2338,0.4387,142,121,99,16
bpm+steps,621e345267b776a240691064,39,39,16.0,548,0.2216,32,29,29,2
bpm+steps,621e345c67b776a2407146a8,92,18,14.0,1073,0.5154,78,70,62,0
bpm+steps,621e346f67b776a24081744f,174,146,20.0,5190,0.8898,142,127,122,72
bpm+steps,621e34ca67b776a240be3b69,49,126,12.0,835,0.2621,33,29,25,10
bpm+steps,621e34db67b776a240c9c2be,38,70,18.0,681,0.2384,29,28,26,8
bpm+steps,621e34ec67b776a240d60873,19,64,6.0,253,0.0808,13,9,7,3
bpm+steps,621e34f767b776a240de4e1a,93,17,4.0,449,0.2938,55,15,5,0
bpm+steps,621e34ff67b776a240e446d6,54,155,15.5,1372,0.8997,49,42,34,19
bpm+steps,621e351a67b776a240f6204b,127,108,16.0,2132,0.7821,98,90,84,19
bpm+steps,621e356967b776a24027bd9f,25,272,37.0,1573,0.971,24,22,21,16
bpm+steps,621e360b67b776a24039709f,32,141,21.5,1328,0.616,25,23,22,15
bpm+steps,621e362467b776a2404ad513,85,67,14.0,1289,0.4662,61,52,43,15
bpm+steps,621e366567b776a24076a727,38,121,28.0,1446,0.9204,34,32,30,22
bpm+steps,621e367e67b776a24087d75d,51,221,44.0,3453,0.592,47,45,43,35
bpm+steps,621e36bb67b776a240b40d64,46,19,8.0,387,0.1393,32,25,19,0
bpm+steps,621e36c267b776a240ba2756,79,57,11.0,1228,0.7822,66,50,38,19
bpm+steps,621e36dd67b776a240ce9a45,89,20,15.0,1157,0.3827,80,75,72,0
bpm+steps,621e36f967b776a240e5e7c9,32,127,39.5,1328,0.6214,32,31,30,19
bpm+steps,621e375367b776a24021e950,108,36,3.0,623,0.3164,46,28,18,1
bpm+steps,621e375b67b776a240290cdc,29,255,35.0,1597,0.7783,29,29,26,18
bpm+steps+calories,621e2e8e67b776a24055b564,22,220,48.0,1614,0.9624,19,18,18,17
bpm+steps+calories,621e2eaf67b776a2406b14ac,39,250,31.0,1969,0.9426,31,30,28,22
bpm+steps+calories,621e2ed667b776a24085d8d1,70,146,19.0,1790,0.8702,54,47,44,25
bpm+steps+calories,621e2ef567b776a24099f889,13,17,4.0,62,0.0109,7,3,1,0
bpm+steps+calories,621e2efa67b776a2409dd1c3,54,188,18.0,1689,0.5441,44,36,32,24
bpm+steps+calories,621e2f1b67b776a240b3d87c,98,62,15.5,1684,0.2887,73,64,58,25
bpm+steps+calories,621e2f3967b776a240c654db,80,68,12.0,1406,0.8374,64,53,41,19
bpm+steps+calories,621e2f5767b776a240d8f9d6,26,97,10.0,498,0.2921,19,15,11,6
bpm+steps+calories,621e2f6167b776a240e082a9,79,85,12.0,1147,0.6731,55,46,41,15
bpm+steps+calories,621e2f7a67b776a240f14425,40,105,26.0,1290,0.7973,35,30,30,21
bpm+steps+calories,621e2f9167b776a240011ccb,180,26,8.0,1764,0.3037,112,93,79,1
bpm+steps+calories,621e2fb367b776a24015accd,67,117,12.0,1376,0.8999,48,35,34,23
bpm+steps+calories,621e2fce67b776a240279baa,44,112,24.5,1457,0.9548,38,37,36,23
bpm+steps+calories,621e2ff067b776a2403eb737,44,98,21.5,1381,0.9213,39,38,33,20
bpm+steps+calories,621e300767b776a2404dc717,55,43,16.0,741,0.3956,37,34,30,7
bpm+steps+calories,621e301367b776a24057738e,79,19,5.0,521,0.341,47,32,17,0
bpm+steps+calories,621e301e67b776a240608a72,96,109,10.0,1648,0.2825,67,55,45,23
bpm+steps+calories,621e309267b776a240ae1cdb,17,88,20.0,513,0.2991,17,15,15,7
bpm+steps+calories,621e309b67b776a240b532b0,115,52,9.0,1405,0.5744,82,64,48,15
bpm+steps+calories,621e30b267b776a240c5e13f,47,100,22.0,1301,0.8086,41,39,33,22
bpm+steps+calories,621e30c867b776a240d4aa6c,93,87,9.0,1365,0.813,71,52,39,17
bpm+steps+calories,621e30e267b776a240e5bf90,1,9,9.0,9,0.0037,1,1,0,0
bpm+steps+calories,621e30e467b776a240e817c7,118,31,3.0,582,0.3538,48,31,11,1
bpm+steps+calories,621e30f467b776a240f22944,98,66,15.0,1419,0.7784,66,60,54,14
bpm+steps+calories,621e310d67b776a24003096d,89,67,17.0,1584,0.6053,70,63,57,20
bpm+steps+calories,621e312a67b776a240164d59,21,267,78.0,1773,0.7138,20,20,20,17
bpm+steps+calories,621e314867b776a24029ebf9,47,117,24.0,1481,0.7127,39,36,33,25
bpm+steps+calories,621e320b67b776a240d36a07,79,70,16.0,1427,0.691,60,55,49,21
bpm+steps+calories,621e322367b776a240e44e9b,17,126,76.0,1052,0.5036,17,16,15,10
bpm+steps+calories,621e323667b776a240f19134,91,50,15.0,1335,0.2377,64,55,52,14
bpm+steps+calories,621e324e67b776a2400191cb,46,110,23.0,1522,0.8948,42,40,38,21
bpm+steps+calories,621e326767b776a24012e179,27,263,43.0,1581,0.9623,25,20,19,18
bpm+steps+calories,621e328667b776a240281372,20,59,10.0,231,0.0809,14,11,9,1
bpm+steps+calories,621e329067b776a2402ffad2,25,190,43.0,1501,0.9791,23,23,22,18
bpm+steps+calories,621e32af67b776a24045b4cf,32,120,32.5,1431,0.9365,30,27,27,24
bpm+steps+calories,621e32d067b776a2405b7d54,39,47,10.0,512,0.2538,29,23,18,7
bpm+steps+calories,621e32d967b776a240627414,39,52,8.0,498,0.1284,23,20,15,10
bpm+steps+calories,621e32e667b776a2406d2f1c,48,152,37.0,2148,0.9319,46,44,42,31
bpm+steps+calories,621e331067b776a24085dd3f,100,25,9.0,1049,0.644,64,54,45,2
bpm+steps+calories,621e332267b776a24092a584,26,91,17.5,651,0.2406,24,21,19,12
bpm+steps+calories,621e333567b776a240a0c217,7,19,13.0,86,0.0147,7,6,4,0
bpm+steps+calories,621e333967b776a240a3cd06,66,124,16.0,1779,0.6925,51,44,39,24
bpm+steps+calories,621e335a67b776a240bb12ff,42,138,21.5,1500,0.9363,35,33,30,19
bpm+steps+calories,621e337667b776a240ce78ab,63,234,20.0,1927,0.9382,51,45,41,26
bpm+steps+calories,621e339967b776a240e502de,26,230,26.0,1289,0.5283,22,20,17,13
bpm+steps+calories,621e33b067b776a240f39e56,46,129,22.5,1493,0.9337,37,34,34,22
bpm+steps+calories,621e33cf67b776a240087de9,38,272,29.5,1760,0.9357,32,31,28,22
bpm+steps+calories,621e33ed67b776a2401cf5f7,48,91,22.0,1406,0.9053,44,41,37,23
bpm+steps+calories,621e340467b776a2402d7982,80,24,10.0,675,0.4015,54,47,32,1
bpm+steps+calories,621e341067b776a24037b105,19,221,65.0,1676,0.8156,18,18,17,14
bpm+steps+calories,621e342e67b776a2404ce460,223,65,9.0,2338,0.4387,142,121,99,16
bpm+steps+calories,621e345267b776a240691064,39,39,16.0,548,0.2216,32,29,29,2
bpm+steps+calories,621e345c67b776a2407146a8,92,18,14.0,1073,0.5154,78,70,62,0
bpm+steps+calories,621e346f67b776a24081744f,174,146,20.0,5190,0.8898,142,127,122,72
bpm+steps+calories,621e34ca67b776a240be3b69,49,126,12.0,835,0.2621,33,29,25,10
bpm+steps+calories,621e34db67b776a240c9c2be,38,70,18.0,681,0.2384,29,28,26,8
bpm+steps+calories,621e34ec67b776a240d60873,19,64,6.0,253,0.0808,13,9,7,3
bpm+steps+calories,621e34f767b776a240de4e1a,93,17,4.0,449,0.2938,55,15,5,0
bpm+steps+calories,621e34ff67b776a240e446d6,54,155,15.5,1372,0.8997,49,42,34,19
bpm+steps+calories,621e351a67b776a240f6204b,127,108,16.0,2132,0.7821,98,90,84,19
bpm+steps+calories,621e356967b776a24027bd9f,25,272,37.0,1573,0.971,24,22,21,16
bpm+steps+calories,621e360b67b776a24039709f,32,141,21.5,1328,0.616,25,23,22,15
bpm+steps+calories,621e362467b776a2404ad513,85,67,14.0,1289,0.4662,61,52,43,15
bpm+steps+calories,621e366567b776a24076a727,38,121,28.0,1446,0.9204,34,32,30,22
bpm+steps+calories,621e367e67b776a24087d75d,51,221,44.0,3453,0.592,47,45,43,35
bpm+steps+calories,621e36bb67b776a240b40d64,46,19,8.0,387,0.1393,32,25,19,0
bpm+steps+calories,621e36c267b776a240ba2756,79,57,11.0,1228,0.7822,66,50,38,19
bpm+steps+calories,621e36dd67b776a240ce9a45,89,20,15.0,1157,0.3827,80,75,72,0
bpm+steps+calories,621e36f967b776a240e5e7c9,32,127,39.5,1328,0.6214,32,31,30,19
bpm+steps+calories,621e375367b776a24021e950,108,36,3.0,623,0.3164,46,28,18,1
bpm+steps+calories,621e375b67b776a240290cdc,29,255,35.0,1597,0.7783,29,29,26,18
5x_true_hourly,621e2e8e67b776a24055b564,20,220,44.0,1454,0.867,17,16,16,13
5x_true_hourly,621e2eaf67b776a2406b14ac,37,243,30.0,1819,0.8708,33,31,27,22
5x_true_hourly,621e2ed667b776a24085d8d1,64,146,19.0,1650,0.8021,48,43,40,22
5x_true_hourly,621e2ef567b776a24099f889,0,0,0.0,0,0.0,0,0,0,0
5x_true_hourly,621e2efa67b776a2409dd1c3,44,188,21.5,1488,0.4794,37,30,28,21
5x_true_hourly,621e2f1b67b776a240b3d87c,105,60,12.0,1562,0.2678,71,60,53,22
5x_true_hourly,621e2f3967b776a240c654db,70,68,11.5,1277,0.7606,55,44,35,18
5x_true_hourly,621e2f5767b776a240d8f9d6,19,95,15.0,405,0.2375,18,13,10,5
5x_true_hourly,621e2f6167b776a240e082a9,64,65,13.0,904,0.5305,46,37,35,13
5x_true_hourly,621e2f7a67b776a240f14425,39,104,20.0,1112,0.6873,34,28,26,19
5x_true_hourly,621e2f9167b776a240011ccb,184,23,7.0,1679,0.289,111,91,74,0
5x_true_hourly,621e2fb367b776a24015accd,66,117,7.5,1302,0.8515,48,33,32,22
5x_true_hourly,621e2fce67b776a240279baa,44,112,24.5,1457,0.9548,38,37,36,23
5x_true_hourly,621e2ff067b776a2403eb737,41,98,22.0,1315,0.8773,37,35,32,19
5x_true_hourly,621e300767b776a2404dc717,31,43,9.0,386,0.2061,22,17,14,3
5x_true_hourly,621e301367b776a24057738e,0,0,0.0,0,0.0,0,0,0,0
5x_true_hourly,621e301e67b776a240608a72,52,96,18.0,1091,0.187,44,37,34,15
5x_true_hourly,621e309267b776a240ae1cdb,10,70,26.0,348,0.2029,10,10,10,7
5x_true_hourly,621e309b67b776a240b532b0,80,43,9.0,942,0.3851,59,45,34,10
5x_true_hourly,621e30b267b776a240c5e13f,61,84,14.0,1153,0.7166,50,42,36,17
5x_true_hourly,621e30c867b776a240d4aa6c,88,87,9.0,1233,0.7344,66,50,35,15
5x_true_hourly,621e30e267b776a240e5bf90,0,0,0.0,0,0.0,0,0,0,0
5x_true_hourly,621e30e467b776a240e817c7,62,21,5.0,394,0.2395,34,26,9,0
5x_true_hourly,621e30f467b776a240f22944,94,66,12.0,1276,0.6999,61,54,49,13
5x_true_hourly,621e310d67b776a24003096d,83,54,13.0,1243,0.475,57,48,44,15
5x_true_hourly,621e312a67b776a240164d59,23,217,56.0,1528,0.6151,22,22,22,18
5x_true_hourly,621e314867b776a24029ebf9,44,96,24.0,1262,0.6073,36,33,31,23
5x_true_hourly,621e320b67b776a240d36a07,62,70,19.5,1081,0.5235,48,38,35,20
5x_true_hourly,621e322367b776a240e44e9b,19,124,36.0,885,0.4236,18,16,15,11
5x_true_hourly,621e323667b776a240f19134,90,50,13.0,1250,0.2225,63,53,47,14
5x_true_hourly,621e324e67b776a2400191cb,45,107,23.0,1342,0.7889,42,36,34,21
5x_true_hourly,621e326767b776a24012e179,26,263,45.5,1566,0.9531,23,19,19,18
5x_true_hourly,621e328667b776a240281372,23,19,2.0,108,0.0378,8,6,2,0
5x_true_hourly,621e329067b776a2402ffad2,23,190,40.0,1331,0.8682,20,20,20,16
5x_true_hourly,621e32af67b776a24045b4cf,32,119,30.5,1348,0.8822,30,27,26,22
5x_true_hourly,621e32d067b776a2405b7d54,17,47,13.0,247,0.1225,13,11,9,4
5x_true_hourly,621e32d967b776a240627414,2,25,19.0,38,0.0098,2,2,2,1
5x_true_hourly,621e32e667b776a2406d2f1c,45,152,39.0,2025,0.8785,43,40,38,29
5x_true_hourly,621e331067b776a24085dd3f,77,25,8.0,797,0.4893,46,41,34,1
5x_true_hourly,621e332267b776a24092a584,25,91,15.0,477,0.1763,22,17,16,8
5x_true_hourly,621e333567b776a240a0c217,0,0,0.0,0,0.0,0,0,0,0
5x_true_hourly,621e333967b776a240a3cd06,60,123,16.0,1636,0.6368,52,47,40,21
5x_true_hourly,621e335a67b776a240bb12ff,41,138,22.0,1430,0.8926,34,31,28,19
5x_true_hourly,621e337667b776a240ce78ab,60,234,20.0,1868,0.9094,49,42,39,26
5x_true_hourly,621e339967b776a240e502de,26,230,26.0,1237,0.507,22,20,17,13
5x_true_hourly,621e33b067b776a240f39e56,46,87,23.5,1428,0.8931,37,34,33,23
5x_true_hourly,621e33cf67b776a240087de9,42,151,23.5,1432,0.7613,37,33,29,21
5x_true_hourly,621e33ed67b776a2401cf5f7,46,91,22.0,1314,0.8461,42,39,34,22
5x_true_hourly,621e340467b776a2402d7982,0,0,0.0,0,0.0,0,0,0,0
5x_true_hourly,621e341067b776a24037b105,19,213,48.0,1341,0.6526,18,17,17,15
5x_true_hourly,621e342e67b776a2404ce460,34,65,16.0,561,0.1053,29,26,23,4
5x_true_hourly,621e345267b776a240691064,6,21,19.0,102,0.0412,6,5,5,0
5x_true_hourly,621e345c67b776a2407146a8,0,0,0.0,0,0.0,0,0,0,0
5x_true_hourly,621e346f67b776a24081744f,157,146,21.0,4849,0.8313,131,121,115,64
5x_true_hourly,621e34ca67b776a240be3b69,37,126,15.0,730,0.2291,30,23,21,9
5x_true_hourly,621e34db67b776a240c9c2be,35,53,17.0,554,0.194,25,22,22,6
5x_true_hourly,621e34ec67b776a240d60873,9,64,14.0,183,0.0584,7,6,5,3
5x_true_hourly,621e34f767b776a240de4e1a,0,0,0.0,0,0.0,0,0,0,0
5x_true_hourly,621e34ff67b776a240e446d6,56,155,13.5,1335,0.8754,48,41,32,19
5x_true_hourly,621e351a67b776a240f6204b,112,89,17.5,2047,0.7509,92,87,83,20
5x_true_hourly,621e356967b776a24027bd9f,0,0,0.0,0,0.0,0,0,0,0
5x_true_hourly,621e360b67b776a24039709f,23,131,34.0,1106,0.513,21,19,18,15
5x_true_hourly,621e362467b776a2404ad513,65,67,15.0,1020,0.3689,51,41,33,11
5x_true_hourly,621e366567b776a24076a727,36,120,29.0,1370,0.8721,31,30,29,21
5x_true_hourly,621e367e67b776a24087d75d,42,213,39.5,2352,0.4032,40,37,37,30
5x_true_hourly,621e36bb67b776a240b40d64,0,0,0.0,0,0.0,0,0,0,0
5x_true_hourly,621e36c267b776a240ba2756,60,56,10.0,934,0.5949,54,33,27,18
5x_true_hourly,621e36dd67b776a240ce9a45,0,0,0.0,0,0.0,0,0,0,0
5x_true_hourly,621e36f967b776a240e5e7c9,31,111,24.0,1026,0.4801,28,27,26,17
5x_true_hourly,621e375367b776a24021e950,13,6,2.0,34,0.0173,3,0,0,0
5x_true_hourly,621e375b67b776a240290cdc,27,255,44.0,1478,0.7203,26,24,22,18
5x_hourly+scl_avg,621e2e8e67b776a24055b564,0,0,0.0,0,0.0,0,0,0,0
5x_hourly+scl_avg,621e2eaf67b776a2406b14ac,0,0,0.0,0,0.0,0,0,0,0
5x_hourly+scl_avg,621e2ed667b776a24085d8d1,0,0,0.0,0,0.0,0,0,0,0
5x_hourly+scl_avg,621e2ef567b776a24099f889,0,0,0.0,0,0.0,0,0,0,0
5x_hourly+scl_avg,621e2efa67b776a2409dd1c3,0,0,0.0,0,0.0,0,0,0,0
5x_hourly+scl_avg,621e2f1b67b776a240b3d87c,63,1,1.0,63,0.0108,0,0,0,0
5x_hourly+scl_avg,621e2f3967b776a240c654db,0,0,0.0,0,0.0,0,0,0,0
5x_hourly+scl_avg,621e2f5767b776a240d8f9d6,0,0,0.0,0,0.0,0,0,0,0
5x_hourly+scl_avg,621e2f6167b776a240e082a9,0,0,0.0,0,0.0,0,0,0,0
5x_hourly+scl_avg,621e2f7a67b776a240f14425,0,0,0.0,0,0.0,0,0,0,0
5x_hourly+scl_avg,621e2f9167b776a240011ccb,52,1,1.0,52,0.009,0,0,0,0
5x_hourly+scl_avg,621e2fb367b776a24015accd,0,0,0.0,0,0.0,0,0,0,0
5x_hourly+scl_avg,621e2fce67b776a240279baa,0,0,0.0,0,0.0,0,0,0,0
5x_hourly+scl_avg,621e2ff067b776a2403eb737,0,0,0.0,0,0.0,0,0,0,0
5x_hourly+scl_avg,621e300767b776a2404dc717,0,0,0.0,0,0.0,0,0,0,0
5x_hourly+scl_avg,621e301367b776a24057738e,0,0,0.0,0,0.0,0,0,0,0
5x_hourly+scl_avg,621e301e67b776a240608a72,0,0,0.0,0,0.0,0,0,0,0
5x_hourly+scl_avg,621e309267b776a240ae1cdb,0,0,0.0,0,0.0,0,0,0,0
5x_hourly+scl_avg,621e309b67b776a240b532b0,0,0,0.0,0,0.0,0,0,0,0
5x_hourly+scl_avg,621e30b267b776a240c5e13f,0,0,0.0,0,0.0,0,0,0,0
5x_hourly+scl_avg,621e30c867b776a240d4aa6c,0,0,0.0,0,0.0,0,0,0,0
5x_hourly+scl_avg,621e30e267b776a240e5bf90,0,0,0.0,0,0.0,0,0,0,0
5x_hourly+scl_avg,621e30e467b776a240e817c7,0,0,0.0,0,0.0,0,0,0,0
5x_hourly+scl_avg,621e30f467b776a240f22944,0,0,0.0,0,0.0,0,0,0,0
5x_hourly+scl_avg,621e310d67b776a24003096d,0,0,0.0,0,0.0,0,0,0,0
5x_hourly+scl_avg,621e312a67b776a240164d59,0,0,0.0,0,0.0,0,0,0,0
5x_hourly+scl_avg,621e314867b776a24029ebf9,0,0,0.0,0,0.0,0,0,0,0
5x_hourly+scl_avg,621e320b67b776a240d36a07,0,0,0.0,0,0.0,0,0,0,0
5x_hourly+scl_avg,621e322367b776a240e44e9b,0,0,0.0,0,0.0,0,0,0,0
5x_hourly+scl_avg,621e323667b776a240f19134,0,0,0.0,0,0.0,0,0,0,0
5x_hourly+scl_avg,621e324e67b776a2400191cb,0,0,0.0,0,0.0,0,0,0,0
5x_hourly+scl_avg,621e326767b776a24012e179,0,0,0.0,0,0.0,0,0,0,0
5x_hourly+scl_avg,621e328667b776a240281372,0,0,0.0,0,0.0,0,0,0,0
5x_hourly+scl_avg,621e329067b776a2402ffad2,0,0,0.0,0,0.0,0,0,0,0
5x_hourly+scl_avg,621e32af67b776a24045b4cf,0,0,0.0,0,0.0,0,0,0,0
5x_hourly+scl_avg,621e32d067b776a2405b7d54,0,0,0.0,0,0.0,0,0,0,0
5x_hourly+scl_avg,621e32d967b776a240627414,0,0,0.0,0,0.0,0,0,0,0
5x_hourly+scl_avg,621e32e667b776a2406d2f1c,0,0,0.0,0,0.0,0,0,0,0
5x_hourly+scl_avg,621e331067b776a24085dd3f,0,0,0.0,0,0.0,0,0,0,0
5x_hourly+scl_avg,621e332267b776a24092a584,0,0,0.0,0,0.0,0,0,0,0
5x_hourly+scl_avg,621e333567b776a240a0c217,0,0,0.0,0,0.0,0,0,0,0
5x_hourly+scl_avg,621e333967b776a240a3cd06,0,0,0.0,0,0.0,0,0,0,0
5x_hourly+scl_avg,621e335a67b776a240bb12ff,0,0,0.0,0,0.0,0,0,0,0
5x_hourly+scl_avg,621e337667b776a240ce78ab,0,0,0.0,0,0.0,0,0,0,0
5x_hourly+scl_avg,621e339967b776a240e502de,0,0,0.0,0,0.0,0,0,0,0
5x_hourly+scl_avg,621e33b067b776a240f39e56,0,0,0.0,0,0.0,0,0,0,0
5x_hourly+scl_avg,621e33cf67b776a240087de9,0,0,0.0,0,0.0,0,0,0,0
5x_hourly+scl_avg,621e33ed67b776a2401cf5f7,0,0,0.0,0,0.0,0,0,0,0
5x_hourly+scl_avg,621e340467b776a2402d7982,0,0,0.0,0,0.0,0,0,0,0
5x_hourly+scl_avg,621e341067b776a24037b105,0,0,0.0,0,0.0,0,0,0,0
5x_hourly+scl_avg,621e342e67b776a2404ce460,0,0,0.0,0,0.0,0,0,0,0
5x_hourly+scl_avg,621e345267b776a240691064,0,0,0.0,0,0.0,0,0,0,0
5x_hourly+scl_avg,621e345c67b776a2407146a8,0,0,0.0,0,0.0,0,0,0,0
5x_hourly+scl_avg,621e346f67b776a24081744f,0,0,0.0,0,0.0,0,0,0,0
5x_hourly+scl_avg,621e34ca67b776a240be3b69,0,0,0.0,0,0.0,0,0,0,0
5x_hourly+scl_avg,621e34db67b776a240c9c2be,0,0,0.0,0,0.0,0,0,0,0
5x_hourly+scl_avg,621e34ec67b776a240d60873,0,0,0.0,0,0.0,0,0,0,0
5x_hourly+scl_avg,621e34f767b776a240de4e1a,0,0,0.0,0,0.0,0,0,0,0
5x_hourly+scl_avg,621e34ff67b776a240e446d6,0,0,0.0,0,0.0,0,0,0,0
5x_hourly+scl_avg,621e351a67b776a240f6204b,0,0,0.0,0,0.0,0,0,0,0
5x_hourly+scl_avg,621e356967b776a24027bd9f,0,0,0.0,0,0.0,0,0,0,0
5x_hourly+scl_avg,621e360b67b776a24039709f,0,0,0.0,0,0.0,0,0,0,0
5x_hourly+scl_avg,621e362467b776a2404ad513,0,0,0.0,0,0.0,0,0,0,0
5x_hourly+scl_avg,621e366567b776a24076a727,0,0,0.0,0,0.0,0,0,0,0
5x_hourly+scl_avg,621e367e67b776a24087d75d,0,0,0.0,0,0.0,0,0,0,0
5x_hourly+scl_avg,621e36bb67b776a240b40d64,0,0,0.0,0,0.0,0,0,0,0
5x_hourly+scl_avg,621e36c267b776a240ba2756,0,0,0.0,0,0.0,0,0,0,0
5x_hourly+scl_avg,621e36dd67b776a240ce9a45,0,0,0.0,0,0.0,0,0,0,0
5x_hourly+scl_avg,621e36f967b776a240e5e7c9,0,0,0.0,0,0.0,0,0,0,0
5x_hourly+scl_avg,621e375367b776a24021e950,0,0,0.0,0,0.0,0,0,0,0
5x_hourly+scl_avg,621e375b67b776a240290cdc,0,0,0.0,0,0.0,0,0,0,0
