channel_set,min_run_h,n_runs,n_hours_in_such_runs
bpm,1,2777,96074
bpm,2,2174,95471
bpm,3,2015,95153
bpm,4,1915,94853
bpm,6,1784,94263
bpm,8,1677,93566
bpm,12,1493,91808
bpm,16,1215,88004
bpm,24,875,81779
bpm,48,604,72270
bpm+steps,1,4278,92278
bpm+steps,2,3677,91677
bpm+steps,3,3390,91103
bpm+steps,4,3203,90542
bpm+steps,6,2944,89391
bpm+steps,8,2747,88123
bpm+steps,12,2392,84770
bpm+steps,16,1925,78361
bpm+steps,24,1071,62047
bpm+steps,48,475,41626
bpm+steps+calories,1,4278,92278
bpm+steps+calories,2,3677,91677
bpm+steps+calories,3,3390,91103
bpm+steps+calories,4,3203,90542
bpm+steps+calories,6,2944,89391
bpm+steps+calories,8,2747,88123
bpm+steps+calories,12,2392,84770
bpm+steps+calories,16,1925,78361
bpm+steps+calories,24,1071,62047
bpm+steps+calories,48,475,41626
5x_true_hourly,1,2994,72142
5x_true_hourly,2,2696,71844
5x_true_hourly,3,2497,71446
5x_true_hourly,4,2345,70990
5x_true_hourly,6,2135,70064
5x_true_hourly,8,2013,69282
5x_true_hourly,12,1794,67233
5x_true_hourly,16,1571,64193
5x_true_hourly,24,935,51689
5x_true_hourly,48,413,34257
5x_hourly+scl_avg,1,115,115
5x_hourly+scl_avg,2,0,0
5x_hourly+scl_avg,3,0,0
5x_hourly+scl_avg,4,0,0
5x_hourly+scl_avg,6,0,0
5x_hourly+scl_avg,8,0,0
5x_hourly+scl_avg,12,0,0
5x_hourly+scl_avg,16,0,0
5x_hourly+scl_avg,24,0,0
5x_hourly+scl_avg,48,0,0
