hour,bpm,steps,calories,distance,temperature,scl_avg,minutes_in_default_zone_1,minutes_below_default_zone_1,minutes_in_default_zone_2,minutes_in_default_zone_3,row_present
0,0.5104,0.477,0.8822,0.477,0.4191,0.0579,0.6369,0.6369,0.6369,0.6369,0.9195
1,0.4997,0.4602,0.882,0.4602,0.4263,0.0,0.0,0.0,0.0,0.0,0.8823
2,0.4888,0.4445,0.882,0.4445,0.4306,0.0,0.0,0.0,0.0,0.0,0.8823
3,0.4844,0.4383,0.882,0.4383,0.4332,0.0,0.0,0.0,0.0,0.0,0.8823
4,0.4808,0.4386,0.882,0.4386,0.4332,0.0,0.0,0.0,0.0,0.0,0.8823
5,0.4831,0.4533,0.882,0.4533,0.4335,0.0,0.0,0.0,0.0,0.0,0.8823
6,0.4914,0.469,0.882,0.469,0.4331,0.0,0.0,0.0,0.0,0.0,0.8823
7,0.5067,0.4914,0.882,0.4914,0.4319,0.0,0.0,0.0,0.0,0.0,0.8823
8,0.5235,0.5137,0.882,0.5137,0.4289,0.0,0.0,0.0,0.0,0.0,0.8823
9,0.5446,0.5371,0.882,0.5371,0.4227,0.0,0.0,0.0,0.0,0.0,0.8828
10,0.5552,0.5491,0.8819,0.5491,0.4206,0.0,0.0,0.0,0.0,0.0,0.8842
11,0.5593,0.5555,0.8819,0.5555,0.4156,0.0,0.0,0.0,0.0,0.0,0.8843
12,0.5659,0.5614,0.8816,0.5614,0.4146,0.0,0.0,0.0,0.0,0.0,0.8844
13,0.5656,0.5611,0.8815,0.5611,0.4139,0.0,0.0,0.0,0.0,0.0,0.8837
14,0.5622,0.5565,0.8816,0.5565,0.4105,0.0,0.0,0.0,0.0,0.0,0.8832
15,0.5617,0.5568,0.8816,0.5568,0.4097,0.0,0.0,0.0,0.0,0.0,0.8837
16,0.5626,0.5579,0.8816,0.5579,0.4075,0.0,0.0,0.0,0.0,0.0,0.883
17,0.5609,0.5554,0.8816,0.5554,0.403,0.0,0.0,0.0,0.0,0.0,0.8823
18,0.5638,0.5555,0.8814,0.5555,0.4011,0.0,0.0,0.0,0.0,0.0,0.8823
19,0.5615,0.5548,0.8814,0.5548,0.4016,0.0,0.0,0.0,0.0,0.0,0.882
20,0.5534,0.5468,0.8813,0.5468,0.3959,0.0,0.0,0.0,0.0,0.0,0.8828
21,0.5433,0.5329,0.8813,0.5329,0.3902,0.0,0.0,0.0,0.0,0.0,0.8823
22,0.5357,0.5223,0.8812,0.5223,0.389,0.0,0.0,0.0,0.0,0.0,0.8823
23,0.5249,0.5039,0.8812,0.5039,0.3833,0.0,0.0,0.0,0.0,0.0,0.8813
