id,bpm,steps,calories,distance,temperature,scl_avg,minutes_in_default_zone_1,minutes_below_default_zone_1,minutes_in_default_zone_2,minutes_in_default_zone_3,dense_slots,row_present_frac
621e2e8e67b776a24055b564,0.9708,0.9744,1.0,0.9744,0.8855,0.0,0.0411,0.0411,0.0411,0.0411,1677,1.0
621e2eaf67b776a2406b14ac,0.9569,0.9426,1.0,0.9426,0.8818,0.0,0.0416,0.0416,0.0416,0.0416,2089,1.0
621e2ed667b776a24085d8d1,0.8896,0.8765,1.0,0.8765,0.8269,0.0,0.0413,0.0413,0.0413,0.0413,2057,1.0
621e2ef567b776a24099f889,0.0389,0.0109,0.4077,0.0109,0.0,0.0,0.0063,0.0063,0.0063,0.0063,5713,0.408
621e2efa67b776a2409dd1c3,0.5631,0.5474,1.0,0.5474,0.4894,0.0,0.0274,0.0274,0.0274,0.0274,3104,1.0
621e2f1b67b776a240b3d87c,0.3029,0.2887,0.3211,0.2887,0.2863,0.0355,0.0132,0.0132,0.0132,0.0132,5833,0.3461
621e2f3967b776a240c654db,0.8618,0.838,1.0,0.838,0.7796,0.0,0.0411,0.0411,0.0411,0.0411,1679,1.0
621e2f5767b776a240d8f9d6,0.3103,0.2921,1.0,0.2921,0.2434,0.0,0.0152,0.0152,0.0152,0.0152,1705,1.0
621e2f6167b776a240e082a9,0.7189,0.6743,1.0,0.6743,0.5651,0.0,0.0381,0.0381,0.0381,0.0381,1704,1.0
621e2f7a67b776a240f14425,0.8109,0.7973,1.0,0.7973,0.7052,0.0,0.0396,0.0396,0.0396,0.0396,1618,1.0
621e2f9167b776a240011ccb,0.3519,0.304,0.3708,0.304,0.3355,0.0396,0.0153,0.0153,0.0153,0.0153,5809,0.3954
621e2fb367b776a24015accd,0.9418,0.8999,1.0,0.8999,0.8908,0.0,0.0412,0.0412,0.0412,0.0412,1529,1.0
621e2fce67b776a240279baa,0.9764,0.9554,0.9908,0.9554,0.9862,0.0,0.0413,0.0413,0.0413,0.0413,1526,1.0
621e2ff067b776a2403eb737,0.9473,0.9213,1.0,0.9213,0.9013,0.0,0.0407,0.0407,0.0407,0.0407,1499,1.0
621e300767b776a2404dc717,0.4287,0.4132,1.0,0.4132,0.2269,0.0,0.0203,0.0203,0.0203,0.0203,1873,1.0
621e301367b776a24057738e,0.3868,0.341,1.0,0.341,0.0,0.0,0.0314,0.0314,0.0314,0.0314,1528,1.0
621e301e67b776a240608a72,0.3038,0.2841,1.0,0.2841,0.1925,0.0,0.0201,0.0201,0.0201,0.0201,5833,1.0
621e309267b776a240ae1cdb,0.3055,0.2991,1.0,0.2991,0.2093,0.0,0.0157,0.0157,0.0157,0.0157,1715,1.0
621e309b67b776a240b532b0,0.6226,0.594,1.0,0.594,0.4105,0.0,0.0376,0.0376,0.0376,0.0376,2446,1.0
621e30b267b776a240c5e13f,0.8341,0.8086,1.0,0.8086,0.7377,0.0,0.0373,0.0373,0.0373,0.0373,1609,1.0
621e30c867b776a240d4aa6c,0.8535,0.813,1.0,0.813,0.7731,0.0,0.0405,0.0405,0.0405,0.0405,1679,1.0
621e30e267b776a240e5bf90,0.0037,0.0037,1.0,0.0037,0.0,0.0,0.0004,0.0004,0.0004,0.0004,2458,1.0
621e30e467b776a240e817c7,0.4128,0.3562,1.0,0.3562,0.2644,0.0,0.0328,0.0328,0.0328,0.0328,1645,1.0
621e30f467b776a240f22944,0.8409,0.7817,1.0,0.7817,0.7559,0.0,0.0373,0.0373,0.0373,0.0373,1823,1.0
621e310d67b776a24003096d,0.6435,0.6068,1.0,0.6068,0.5052,0.0,0.0336,0.0336,0.0336,0.0336,2617,1.0
621e312a67b776a240164d59,0.7158,0.7432,1.0,0.7432,0.6188,0.0,0.0322,0.0322,0.0322,0.0322,2484,1.0
621e314867b776a24029ebf9,0.732,0.7551,1.0,0.7551,0.6309,0.0,0.0351,0.0351,0.0351,0.0351,2078,1.0
621e320b67b776a240d36a07,0.7215,0.691,1.0,0.691,0.5506,0.0,0.0373,0.0373,0.0373,0.0373,2065,1.0
621e322367b776a240e44e9b,0.5079,0.5045,1.0,0.5045,0.4275,0.0,0.0249,0.0249,0.0249,0.0249,2089,1.0
621e323667b776a240f19134,0.2571,0.2377,0.3463,0.2377,0.2409,0.0,0.0114,0.0114,0.0114,0.0114,5617,0.3473
621e324e67b776a2400191cb,0.9142,0.9071,1.0,0.9071,0.8195,0.0,0.04,0.04,0.04,0.04,1701,1.0
621e326767b776a24012e179,0.9726,0.9684,1.0,0.9684,0.9696,0.0,0.0414,0.0414,0.0414,0.0414,1643,1.0
621e328667b776a240281372,0.0841,0.0809,1.0,0.0809,0.0441,0.0,0.0039,0.0039,0.0039,0.0039,2854,1.0
621e329067b776a2402ffad2,0.9909,0.9791,1.0,0.9791,0.8793,0.0,0.0417,0.0417,0.0417,0.0417,1533,1.0
621e32af67b776a24045b4cf,0.9424,0.9365,0.9895,0.9365,0.8986,0.0,0.0412,0.0412,0.0412,0.0412,1528,1.0
621e32d067b776a2405b7d54,0.2722,0.2915,1.0,0.2915,0.1284,0.0,0.0159,0.0159,0.0159,0.0159,2017,1.0
621e32d967b776a240627414,0.1318,0.1287,1.0,0.1287,0.0113,0.0,0.0083,0.0083,0.0083,0.0083,3877,1.0
621e32e667b776a2406d2f1c,0.9449,0.9323,1.0,0.9323,0.8911,0.0,0.0416,0.0416,0.0416,0.0416,2305,1.0
621e331067b776a24085dd3f,0.7244,0.6808,1.0,0.6808,0.5525,0.0,0.0331,0.0331,0.0331,0.0331,1629,1.0
621e332267b776a24092a584,0.2458,0.2443,1.0,0.2443,0.1811,0.0,0.0107,0.0107,0.0107,0.0107,2706,1.0
621e333567b776a240a0c217,0.0154,0.0147,0.3417,0.0147,0.0,0.0,0.0012,0.0012,0.0012,0.0012,5833,0.3418
621e333967b776a240a3cd06,0.7096,0.6933,1.0,0.6933,0.6508,0.0,0.0374,0.0374,0.0374,0.0374,2569,1.0
621e335a67b776a240bb12ff,0.9582,0.9363,1.0,0.9363,0.912,0.0,0.0418,0.0418,0.0418,0.0418,1602,1.0
621e337667b776a240ce78ab,0.9649,0.9426,1.0,0.9426,0.9401,0.0,0.0414,0.0414,0.0414,0.0414,2054,1.0
621e339967b776a240e502de,0.5357,0.5336,0.5672,0.5336,0.5193,0.0,0.023,0.023,0.023,0.023,2440,0.5705
621e33b067b776a240f39e56,0.9506,0.9375,1.0,0.9375,0.9106,0.0,0.0413,0.0413,0.0413,0.0413,1599,1.0
621e33cf67b776a240087de9,0.9537,0.9357,1.0,0.9357,0.7757,0.0,0.0409,0.0409,0.0409,0.0409,1881,1.0
621e33ed67b776a2401cf5f7,0.9221,0.9053,1.0,0.9053,0.8628,0.0,0.0412,0.0412,0.0412,0.0412,1553,1.0
621e340467b776a2402d7982,0.4503,0.4015,1.0,0.4015,0.0,0.0,0.0387,0.0387,0.0387,0.0387,1681,1.0
621e341067b776a24037b105,0.8229,0.8224,1.0,0.8224,0.6564,0.0,0.037,0.037,0.037,0.037,2055,1.0
621e342e67b776a2404ce460,0.4766,0.4414,1.0,0.4414,0.1135,0.0,0.0351,0.0351,0.0351,0.0351,5329,1.0
621e345267b776a240691064,0.2402,0.2337,1.0,0.2337,0.0437,0.0,0.0146,0.0146,0.0146,0.0146,2473,1.0
621e345c67b776a2407146a8,0.5524,0.5355,1.0,0.5355,0.0,0.0,0.037,0.037,0.037,0.037,2082,1.0
621e346f67b776a24081744f,0.9073,0.8901,1.0,0.8901,0.8558,0.0,0.0417,0.0417,0.0417,0.0417,5833,1.0
621e34ca67b776a240be3b69,0.2787,0.2627,1.0,0.2627,0.2379,0.0,0.016,0.016,0.016,0.016,3186,1.0
621e34db67b776a240c9c2be,0.2528,0.2384,1.0,0.2384,0.2125,0.0,0.0112,0.0112,0.0112,0.0112,2856,1.0
621e34ec67b776a240d60873,0.0834,0.0808,1.0,0.0808,0.0629,0.0,0.0054,0.0054,0.0054,0.0054,3131,1.0
621e34f767b776a240de4e1a,0.3613,0.2971,1.0,0.2971,0.0,0.0,0.0419,0.0419,0.0419,0.0419,1528,1.0
621e34ff67b776a240e446d6,0.9272,0.8997,1.0,0.8997,0.8997,0.0,0.0413,0.0413,0.0413,0.0413,1525,1.0
621e351a67b776a240f6204b,0.7894,0.788,1.0,0.788,0.7616,0.0,0.0411,0.0411,0.0411,0.0411,2726,1.0
621e356967b776a24027bd9f,0.9802,0.9784,1.0,0.9784,0.0,0.0,0.0414,0.0414,0.0414,0.0414,1620,1.0
621e360b67b776a24039709f,0.6276,0.6164,1.0,0.6164,0.519,0.0,0.0315,0.0315,0.0315,0.0315,2156,1.0
621e362467b776a2404ad513,0.4937,0.4665,0.6054,0.4665,0.3895,0.0,0.025,0.025,0.025,0.025,2765,0.6275
621e366567b776a24076a727,0.9357,0.9281,1.0,0.9281,0.8931,0.0,0.0407,0.0407,0.0407,0.0407,1571,1.0
621e367e67b776a24087d75d,0.5973,0.61,1.0,0.61,0.4094,0.0,0.0276,0.0276,0.0276,0.0276,5833,1.0
621e36bb67b776a240b40d64,0.1504,0.14,1.0,0.14,0.0,0.0,0.013,0.013,0.013,0.013,2779,1.0
621e36c267b776a240ba2756,0.8134,0.7828,1.0,0.7828,0.6185,0.0,0.0401,0.0401,0.0401,0.0401,1570,1.0
621e36dd67b776a240ce9a45,0.4161,0.3834,1.0,0.3834,0.0,0.0,0.0278,0.0278,0.0278,0.0278,3023,1.0
621e36f967b776a240e5e7c9,0.6247,0.627,0.7131,0.627,0.489,0.0,0.0295,0.0295,0.0295,0.0295,2137,0.7412
621e375367b776a24021e950,0.3474,0.325,0.9878,0.325,0.0213,0.0,0.0295,0.0295,0.0295,0.0295,1969,0.9883
621e375b67b776a240290cdc,0.7909,0.7788,1.0,0.7788,0.7315,0.0,0.0346,0.0346,0.0346,0.0346,2052,1.0
