id,ev_exercise_any,ev_exercise_vigorous,ev_walk,ev_mindfulness
621e2e8e67b776a24055b564,130,0,130,0
621e2eaf67b776a2406b14ac,175,50,131,0
621e2ed667b776a24085d8d1,28,1,27,0
621e2ef567b776a24099f889,6,4,2,0
621e2efa67b776a2409dd1c3,49,28,21,0
621e2f1b67b776a240b3d87c,24,18,4,9
621e2f3967b776a240c654db,42,6,37,0
621e2f5767b776a240d8f9d6,42,2,40,0
621e2f6167b776a240e082a9,46,16,28,0
621e2f7a67b776a240f14425,94,70,24,0
621e2f9167b776a240011ccb,16,1,15,39
621e2fb367b776a24015accd,70,43,28,1
621e2fce67b776a240279baa,55,6,49,0
621e2ff067b776a2403eb737,7,1,7,0
621e300767b776a2404dc717,14,5,9,0
621e301367b776a24057738e,27,17,10,1
621e301e67b776a240608a72,102,39,53,0
621e309267b776a240ae1cdb,40,40,0,2
621e309b67b776a240b532b0,164,70,96,0
621e30b267b776a240c5e13f,36,0,36,1
621e30c867b776a240d4aa6c,68,31,32,0
621e30e267b776a240e5bf90,0,0,0,0
621e30e467b776a240e817c7,27,13,14,1
621e30f467b776a240f22944,55,11,45,0
621e310d67b776a24003096d,54,0,31,2
621e312a67b776a240164d59,62,2,60,2
621e314867b776a24029ebf9,10,10,0,1
621e320b67b776a240d36a07,95,10,88,0
621e322367b776a240e44e9b,72,26,47,0
621e323667b776a240f19134,31,15,16,1
621e324e67b776a2400191cb,29,0,29,0
621e326767b776a24012e179,197,26,172,0
621e328667b776a240281372,8,7,1,1
621e329067b776a2402ffad2,73,6,68,1
621e32af67b776a24045b4cf,103,32,77,7
621e32d067b776a2405b7d54,8,2,6,2
621e32d967b776a240627414,53,5,48,0
621e32e667b776a2406d2f1c,48,1,47,2
621e331067b776a24085dd3f,6,1,5,0
621e332267b776a24092a584,21,1,20,0
621e333567b776a240a0c217,0,0,0,0
621e333967b776a240a3cd06,65,45,23,9
621e335a67b776a240bb12ff,21,1,21,0
621e337667b776a240ce78ab,142,10,135,0
621e339967b776a240e502de,100,45,56,7
621e33b067b776a240f39e56,40,22,18,3
621e33cf67b776a240087de9,63,4,60,12
621e33ed67b776a2401cf5f7,47,40,7,4
621e340467b776a2402d7982,18,4,14,0
621e341067b776a24037b105,40,2,38,5
621e342e67b776a2404ce460,136,2,134,0
621e345267b776a240691064,14,1,13,0
621e345c67b776a2407146a8,18,6,12,0
621e346f67b776a24081744f,114,12,102,0
621e34ca67b776a240be3b69,14,0,14,0
621e34db67b776a240c9c2be,13,1,12,2
621e34ec67b776a240d60873,13,1,12,0
621e34f767b776a240de4e1a,12,0,12,0
621e34ff67b776a240e446d6,85,47,43,4
621e351a67b776a240f6204b,100,53,48,0
621e356967b776a24027bd9f,26,18,8,0
621e360b67b776a24039709f,80,3,77,1
621e362467b776a2404ad513,63,0,63,0
621e366567b776a24076a727,47,30,17,3
621e367e67b776a24087d75d,71,8,64,7
621e36bb67b776a240b40d64,28,3,25,0
621e36c267b776a240ba2756,104,12,94,0
621e36dd67b776a240ce9a45,69,24,45,0
621e36f967b776a240e5e7c9,71,13,59,1
621e375367b776a24021e950,20,0,20,0
621e375b67b776a240290cdc,88,16,72,0
