id,n_ema,n_days,ema_per_day
621e36f967b776a240e5e7c9,200,90,2.222
621e362467b776a2404ad513,190,116,1.638
621e323667b776a240f19134,174,235,0.74
621e32af67b776a24045b4cf,173,64,2.703
621e2f9167b776a240011ccb,167,243,0.687
621e33b067b776a240f39e56,167,67,2.493
621e331067b776a24085dd3f,165,68,2.426
621e2f7a67b776a240f14425,165,68,2.426
621e324e67b776a2400191cb,164,71,2.31
621e2f3967b776a240c654db,164,70,2.343
621e366567b776a24076a727,163,66,2.47
621e2fce67b776a240279baa,158,64,2.469
621e2fb367b776a24015accd,153,64,2.391
621e329067b776a2402ffad2,152,64,2.375
621e337667b776a240ce78ab,151,86,1.756
621e2ff067b776a2403eb737,148,63,2.349
621e351a67b776a240f6204b,146,114,1.281
621e33cf67b776a240087de9,142,79,1.797
621e335a67b776a240bb12ff,140,67,2.09
621e30e267b776a240e5bf90,133,103,1.291
621e30f467b776a240f22944,129,76,1.697
621e30c867b776a240d4aa6c,119,70,1.7
621e32d067b776a2405b7d54,118,85,1.388
621e310d67b776a24003096d,94,110,0.855
621e326767b776a24012e179,92,69,1.333
621e312a67b776a240164d59,90,104,0.865
621e34ff67b776a240e446d6,88,64,1.375
621e2ed667b776a24085d8d1,85,86,0.988
621e322367b776a240e44e9b,82,88,0.932
621e2f1b67b776a240b3d87c,70,244,0.287
621e314867b776a24029ebf9,69,87,0.793
621e32d967b776a240627414,65,162,0.401
621e2f6167b776a240e082a9,65,71,0.915
621e2e8e67b776a24055b564,64,70,0.914
621e30e467b776a240e817c7,62,69,0.899
621e301e67b776a240608a72,55,244,0.225
621e34db67b776a240c9c2be,52,119,0.437
621e340467b776a2402d7982,49,71,0.69
621e2f5767b776a240d8f9d6,42,72,0.583
621e2eaf67b776a2406b14ac,32,88,0.364
621e332267b776a24092a584,29,113,0.257
621e36bb67b776a240b40d64,27,116,0.233
621e339967b776a240e502de,26,102,0.255
621e36dd67b776a240ce9a45,24,126,0.19
621e33ed67b776a2401cf5f7,22,65,0.338
621e346f67b776a24081744f,22,244,0.09
621e36c267b776a240ba2756,21,66,0.318
621e341067b776a24037b105,19,86,0.221
621e34ca67b776a240be3b69,17,133,0.128
621e328667b776a240281372,12,119,0.101
621e34ec67b776a240d60873,10,131,0.076
621e375b67b776a240290cdc,10,86,0.116
621e309267b776a240ae1cdb,9,72,0.125
621e32e667b776a2406d2f1c,9,97,0.093
621e301367b776a24057738e,8,64,0.125
621e333967b776a240a3cd06,7,108,0.065
621e345c67b776a2407146a8,6,87,0.069
621e367e67b776a24087d75d,6,244,0.025
621e375367b776a24021e950,3,83,0.036
621e34f767b776a240de4e1a,2,64,0.031
621e333567b776a240a0c217,1,244,0.004
621e356967b776a24027bd9f,1,68,0.015
621e300767b776a2404dc717,1,79,0.013
621e2ef567b776a24099f889,0,239,0.0
621e2efa67b776a2409dd1c3,0,130,0.0
621e309b67b776a240b532b0,0,102,0.0
621e30b267b776a240c5e13f,0,68,0.0
621e320b67b776a240d36a07,0,87,0.0
621e342e67b776a2404ce460,0,223,0.0
621e345267b776a240691064,0,104,0.0
621e360b67b776a24039709f,0,90,0.0
