event_type,id,n_triples
exercise_any,621e2e8e67b776a24055b564,124
exercise_any,621e2eaf67b776a2406b14ac,154
exercise_any,621e2ed667b776a24085d8d1,16
exercise_any,621e2efa67b776a2409dd1c3,42
exercise_any,621e2f1b67b776a240b3d87c,7
exercise_any,621e2f3967b776a240c654db,24
exercise_any,621e2f5767b776a240d8f9d6,33
exercise_any,621e2f6167b776a240e082a9,26
exercise_any,621e2f7a67b776a240f14425,80
exercise_any,621e2f9167b776a240011ccb,8
exercise_any,621e2fb367b776a24015accd,61
exercise_any,621e2fce67b776a240279baa,49
exercise_any,621e2ff067b776a2403eb737,6
exercise_any,621e300767b776a2404dc717,11
exercise_any,621e301367b776a24057738e,9
exercise_any,621e301e67b776a240608a72,68
exercise_any,621e309267b776a240ae1cdb,28
exercise_any,621e309b67b776a240b532b0,90
exercise_any,621e30b267b776a240c5e13f,29
exercise_any,621e30c867b776a240d4aa6c,39
exercise_any,621e30e467b776a240e817c7,4
exercise_any,621e30f467b776a240f22944,40
exercise_any,621e310d67b776a24003096d,43
exercise_any,621e312a67b776a240164d59,59
exercise_any,621e314867b776a24029ebf9,7
exercise_any,621e320b67b776a240d36a07,62
exercise_any,621e322367b776a240e44e9b,67
exercise_any,621e323667b776a240f19134,17
exercise_any,621e324e67b776a2400191cb,25
exercise_any,621e326767b776a24012e179,176
exercise_any,621e328667b776a240281372,2
exercise_any,621e329067b776a2402ffad2,71
exercise_any,621e32af67b776a24045b4cf,90
exercise_any,621e32d067b776a2405b7d54,1
exercise_any,621e32d967b776a240627414,23
exercise_any,621e32e667b776a2406d2f1c,36
exercise_any,621e331067b776a24085dd3f,4
exercise_any,621e332267b776a24092a584,12
exercise_any,621e333967b776a240a3cd06,56
exercise_any,621e335a67b776a240bb12ff,20
exercise_any,621e337667b776a240ce78ab,130
exercise_any,621e339967b776a240e502de,88
exercise_any,621e33b067b776a240f39e56,36
exercise_any,621e33cf67b776a240087de9,51
exercise_any,621e33ed67b776a2401cf5f7,15
exercise_any,621e340467b776a2402d7982,5
exercise_any,621e341067b776a24037b105,36
exercise_any,621e342e67b776a2404ce460,72
exercise_any,621e345267b776a240691064,9
exercise_any,621e345c67b776a2407146a8,15
exercise_any,621e346f67b776a24081744f,89
exercise_any,621e34ca67b776a240be3b69,10
exercise_any,621e34db67b776a240c9c2be,10
exercise_any,621e34ec67b776a240d60873,9
exercise_any,621e34f767b776a240de4e1a,3
exercise_any,621e34ff67b776a240e446d6,67
exercise_any,621e351a67b776a240f6204b,53
exercise_any,621e356967b776a24027bd9f,26
exercise_any,621e360b67b776a24039709f,68
exercise_any,621e362467b776a2404ad513,42
exercise_any,621e366567b776a24076a727,43
exercise_any,621e367e67b776a24087d75d,61
exercise_any,621e36bb67b776a240b40d64,7
exercise_any,621e36c267b776a240ba2756,64
exercise_any,621e36dd67b776a240ce9a45,28
exercise_any,621e36f967b776a240e5e7c9,55
exercise_any,621e375367b776a24021e950,3
exercise_any,621e375b67b776a240290cdc,79
exercise_vigorous,621e2eaf67b776a2406b14ac,43
exercise_vigorous,621e2ed667b776a24085d8d1,1
exercise_vigorous,621e2efa67b776a2409dd1c3,22
exercise_vigorous,621e2f1b67b776a240b3d87c,2
exercise_vigorous,621e2f3967b776a240c654db,3
exercise_vigorous,621e2f5767b776a240d8f9d6,1
exercise_vigorous,621e2f6167b776a240e082a9,9
exercise_vigorous,621e2f7a67b776a240f14425,56
exercise_vigorous,621e2f9167b776a240011ccb,1
exercise_vigorous,621e2fb367b776a24015accd,37
exercise_vigorous,621e2fce67b776a240279baa,6
exercise_vigorous,621e2ff067b776a2403eb737,1
exercise_vigorous,621e300767b776a2404dc717,5
exercise_vigorous,621e301367b776a24057738e,5
exercise_vigorous,621e301e67b776a240608a72,25
exercise_vigorous,621e309267b776a240ae1cdb,28
exercise_vigorous,621e309b67b776a240b532b0,34
exercise_vigorous,621e30c867b776a240d4aa6c,15
exercise_vigorous,621e30e467b776a240e817c7,2
exercise_vigorous,621e30f467b776a240f22944,8
exercise_vigorous,621e312a67b776a240164d59,2
exercise_vigorous,621e314867b776a24029ebf9,7
exercise_vigorous,621e320b67b776a240d36a07,9
exercise_vigorous,621e322367b776a240e44e9b,24
exercise_vigorous,621e323667b776a240f19134,7
exercise_vigorous,621e326767b776a24012e179,26
exercise_vigorous,621e328667b776a240281372,2
exercise_vigorous,621e329067b776a2402ffad2,5
exercise_vigorous,621e32af67b776a24045b4cf,26
exercise_vigorous,621e32d967b776a240627414,2
exercise_vigorous,621e32e667b776a2406d2f1c,1
exercise_vigorous,621e331067b776a24085dd3f,1
exercise_vigorous,621e333967b776a240a3cd06,38
exercise_vigorous,621e335a67b776a240bb12ff,1
exercise_vigorous,621e337667b776a240ce78ab,9
exercise_vigorous,621e339967b776a240e502de,35
exercise_vigorous,621e33b067b776a240f39e56,18
exercise_vigorous,621e33cf67b776a240087de9,4
exercise_vigorous,621e33ed67b776a2401cf5f7,9
exercise_vigorous,621e341067b776a24037b105,1
exercise_vigorous,621e342e67b776a2404ce460,2
exercise_vigorous,621e345267b776a240691064,1
exercise_vigorous,621e345c67b776a2407146a8,6
exercise_vigorous,621e346f67b776a24081744f,10
exercise_vigorous,621e34db67b776a240c9c2be,1
exercise_vigorous,621e34ec67b776a240d60873,1
exercise_vigorous,621e34ff67b776a240e446d6,37
exercise_vigorous,621e351a67b776a240f6204b,27
exercise_vigorous,621e356967b776a24027bd9f,18
exercise_vigorous,621e360b67b776a24039709f,3
exercise_vigorous,621e366567b776a24076a727,27
exercise_vigorous,621e367e67b776a24087d75d,7
exercise_vigorous,621e36bb67b776a240b40d64,1
exercise_vigorous,621e36c267b776a240ba2756,6
exercise_vigorous,621e36dd67b776a240ce9a45,7
exercise_vigorous,621e36f967b776a240e5e7c9,8
exercise_vigorous,621e375b67b776a240290cdc,15
walk_only,621e2e8e67b776a24055b564,124
walk_only,621e2eaf67b776a2406b14ac,116
walk_only,621e2ed667b776a24085d8d1,15
walk_only,621e2efa67b776a2409dd1c3,20
walk_only,621e2f1b67b776a240b3d87c,3
walk_only,621e2f3967b776a240c654db,22
walk_only,621e2f5767b776a240d8f9d6,32
walk_only,621e2f6167b776a240e082a9,16
walk_only,621e2f7a67b776a240f14425,24
walk_only,621e2f9167b776a240011ccb,7
walk_only,621e2fb367b776a24015accd,25
walk_only,621e2fce67b776a240279baa,43
walk_only,621e2ff067b776a2403eb737,6
walk_only,621e300767b776a2404dc717,6
walk_only,621e301367b776a24057738e,4
walk_only,621e301e67b776a240608a72,40
walk_only,621e309b67b776a240b532b0,56
walk_only,621e30b267b776a240c5e13f,29
walk_only,621e30c867b776a240d4aa6c,22
walk_only,621e30e467b776a240e817c7,2
walk_only,621e30f467b776a240f22944,33
walk_only,621e310d67b776a24003096d,26
walk_only,621e312a67b776a240164d59,57
walk_only,621e320b67b776a240d36a07,56
walk_only,621e322367b776a240e44e9b,44
walk_only,621e323667b776a240f19134,10
walk_only,621e324e67b776a2400191cb,25
walk_only,621e326767b776a24012e179,151
walk_only,621e329067b776a2402ffad2,67
walk_only,621e32af67b776a24045b4cf,69
walk_only,621e32d067b776a2405b7d54,1
walk_only,621e32d967b776a240627414,21
walk_only,621e32e667b776a2406d2f1c,35
walk_only,621e331067b776a24085dd3f,3
walk_only,621e332267b776a24092a584,12
walk_only,621e333967b776a240a3cd06,20
walk_only,621e335a67b776a240bb12ff,20
walk_only,621e337667b776a240ce78ab,124
walk_only,621e339967b776a240e502de,54
walk_only,621e33b067b776a240f39e56,18
walk_only,621e33cf67b776a240087de9,48
walk_only,621e33ed67b776a2401cf5f7,6
walk_only,621e340467b776a2402d7982,5
walk_only,621e341067b776a24037b105,35
walk_only,621e342e67b776a2404ce460,70
walk_only,621e345267b776a240691064,8
walk_only,621e345c67b776a2407146a8,9
walk_only,621e346f67b776a24081744f,79
walk_only,621e34ca67b776a240be3b69,10
walk_only,621e34db67b776a240c9c2be,9
walk_only,621e34ec67b776a240d60873,8
walk_only,621e34f767b776a240de4e1a,3
walk_only,621e34ff67b776a240e446d6,35
walk_only,621e351a67b776a240f6204b,26
walk_only,621e356967b776a24027bd9f,8
walk_only,621e360b67b776a24039709f,65
walk_only,621e362467b776a2404ad513,42
walk_only,621e366567b776a24076a727,16
walk_only,621e367e67b776a24087d75d,55
walk_only,621e36bb67b776a240b40d64,6
walk_only,621e36c267b776a240ba2756,59
walk_only,621e36dd67b776a240ce9a45,21
walk_only,621e36f967b776a240e5e7c9,48
walk_only,621e375367b776a24021e950,3
walk_only,621e375b67b776a240290cdc,64
mindfulness,621e2f1b67b776a240b3d87c,7
mindfulness,621e2f9167b776a240011ccb,10
mindfulness,621e2fb367b776a24015accd,1
mindfulness,621e309267b776a240ae1cdb,2
mindfulness,621e310d67b776a24003096d,1
mindfulness,621e314867b776a24029ebf9,1
mindfulness,621e323667b776a240f19134,1
mindfulness,621e328667b776a240281372,1
mindfulness,621e329067b776a2402ffad2,1
mindfulness,621e32af67b776a24045b4cf,7
mindfulness,621e32d067b776a2405b7d54,2
mindfulness,621e32e667b776a2406d2f1c,2
mindfulness,621e333967b776a240a3cd06,6
mindfulness,621e339967b776a240e502de,6
mindfulness,621e33b067b776a240f39e56,3
mindfulness,621e33cf67b776a240087de9,8
mindfulness,621e33ed67b776a2401cf5f7,3
mindfulness,621e341067b776a24037b105,3
mindfulness,621e34ff67b776a240e446d6,2
mindfulness,621e360b67b776a24039709f,1
mindfulness,621e366567b776a24076a727,2
mindfulness,621e367e67b776a24087d75d,4
