event_type,bin_lo,bin_hi,n_acted,n_not_acted
exercise_any,0.0,0.015307202989119084,223,30594
exercise_any,0.015307202989119084,0.03061440597823817,402,14754
exercise_any,0.03061440597823817,0.04592160896735725,418,9154
exercise_any,0.04592160896735725,0.06122881195647634,403,6575
exercise_any,0.06122881195647634,0.07653601494559542,406,4740
exercise_any,0.07653601494559542,0.0918432179347145,377,3595
exercise_any,0.0918432179347145,0.10715042092383359,304,2650
exercise_any,0.10715042092383359,0.12245762391295267,252,1875
exercise_any,0.12245762391295267,0.13776482690207176,157,1213
exercise_any,0.13776482690207176,0.15307202989119084,111,776
exercise_any,0.15307202989119084,0.16837923288030993,76,510
exercise_any,0.16837923288030993,0.183686435869429,37,353
exercise_any,0.183686435869429,0.1989936388585481,43,226
exercise_any,0.1989936388585481,0.21430084184766718,18,142
exercise_any,0.21430084184766718,0.22960804483678626,26,104
exercise_any,0.22960804483678626,0.24491524782590535,7,79
exercise_any,0.24491524782590535,0.26022245081502443,9,49
exercise_any,0.26022245081502443,0.2755296538041435,13,52
exercise_any,0.2755296538041435,0.2908368567932626,10,26
exercise_any,0.2908368567932626,0.3061440597823817,2,17
exercise_any,0.3061440597823817,0.32145126277150077,1,26
exercise_any,0.32145126277150077,0.33675846576061985,1,21
exercise_any,0.33675846576061985,0.35206566874973894,1,13
exercise_any,0.35206566874973894,0.367372871738858,3,14
exercise_any,0.367372871738858,0.3826800747279771,2,8
exercise_any,0.3826800747279771,0.3979872777170962,0,11
exercise_any,0.3979872777170962,0.4132944807062153,1,7
exercise_any,0.4132944807062153,0.42860168369533436,1,8
exercise_any,0.42860168369533436,0.44390888668445344,0,4
exercise_any,0.44390888668445344,0.4592160896735725,2,5
exercise_any,0.4592160896735725,0.4745232926626916,1,4
exercise_any,0.4745232926626916,0.4898304956518107,1,3
exercise_any,0.4898304956518107,0.5051376986409297,1,0
exercise_any,0.5051376986409297,0.5204449016300489,1,1
exercise_any,0.5204449016300489,0.535752104619168,0,1
exercise_any,0.535752104619168,0.551059307608287,0,4
exercise_any,0.551059307608287,0.5663665105974061,0,3
exercise_any,0.5663665105974061,0.5816737135865252,1,0
exercise_any,0.5816737135865252,0.5969809165756443,0,0
exercise_any,0.5969809165756443,0.6122881195647634,0,1
exercise_vigorous,0.0,0.02016071243347655,443,71302
exercise_vigorous,0.02016071243347655,0.0403214248669531,205,5980
exercise_vigorous,0.0403214248669531,0.06048213730042965,76,1350
exercise_vigorous,0.06048213730042965,0.0806428497339062,31,503
exercise_vigorous,0.0806428497339062,0.10080356216738276,15,336
exercise_vigorous,0.10080356216738276,0.1209642746008593,15,159
exercise_vigorous,0.1209642746008593,0.14112498703433585,7,105
exercise_vigorous,0.14112498703433585,0.1612856994678124,9,62
exercise_vigorous,0.1612856994678124,0.18144641190128896,3,43
exercise_vigorous,0.18144641190128896,0.20160712433476552,2,35
exercise_vigorous,0.20160712433476552,0.22176783676824205,3,25
exercise_vigorous,0.22176783676824205,0.2419285492017186,2,22
exercise_vigorous,0.2419285492017186,0.26208926163519514,4,22
exercise_vigorous,0.26208926163519514,0.2822499740686717,0,21
exercise_vigorous,0.2822499740686717,0.30241068650214825,2,16
exercise_vigorous,0.30241068650214825,0.3225713989356248,1,12
exercise_vigorous,0.3225713989356248,0.34273211136910137,1,9
exercise_vigorous,0.34273211136910137,0.3628928238025779,1,9
exercise_vigorous,0.3628928238025779,0.3830535362360545,0,8
exercise_vigorous,0.3830535362360545,0.40321424866953104,1,7
exercise_vigorous,0.40321424866953104,0.42337496110300754,1,10
exercise_vigorous,0.42337496110300754,0.4435356735364841,1,3
exercise_vigorous,0.4435356735364841,0.46369638596996066,2,4
exercise_vigorous,0.46369638596996066,0.4838570984034372,1,6
exercise_vigorous,0.4838570984034372,0.5040178108369138,0,6
exercise_vigorous,0.5040178108369138,0.5241785232703903,1,3
exercise_vigorous,0.5241785232703903,0.5443392357038669,0,5
exercise_vigorous,0.5443392357038669,0.5644999481373434,1,4
exercise_vigorous,0.5644999481373434,0.58466066057082,1,7
exercise_vigorous,0.58466066057082,0.6048213730042965,1,1
exercise_vigorous,0.6048213730042965,0.6249820854377731,1,1
exercise_vigorous,0.6249820854377731,0.6451427978712496,0,3
exercise_vigorous,0.6451427978712496,0.6653035103047261,2,3
exercise_vigorous,0.6653035103047261,0.6854642227382027,2,3
exercise_vigorous,0.6854642227382027,0.7056249351716792,1,2
exercise_vigorous,0.7056249351716792,0.7257856476051558,0,1
exercise_vigorous,0.7257856476051558,0.7459463600386324,0,3
exercise_vigorous,0.7459463600386324,0.766107072472109,0,1
exercise_vigorous,0.766107072472109,0.7862677849055855,0,0
exercise_vigorous,0.7862677849055855,0.806428497339062,0,1
walk_only,0.0,0.01621867508050105,308,40589
walk_only,0.01621867508050105,0.0324373501610021,406,14509
walk_only,0.0324373501610021,0.04865602524150314,386,7816
walk_only,0.04865602524150314,0.0648747003220042,389,5286
walk_only,0.0648747003220042,0.08109337540250525,324,3745
walk_only,0.08109337540250525,0.09731205048300628,237,2572
walk_only,0.09731205048300628,0.11353072556350734,152,1615
walk_only,0.11353072556350734,0.1297494006440084,125,967
walk_only,0.1297494006440084,0.14596807572450943,57,525
walk_only,0.14596807572450943,0.1621867508050105,38,263
walk_only,0.1621867508050105,0.17840542588551153,16,168
walk_only,0.17840542588551153,0.19462410096601257,14,96
walk_only,0.19462410096601257,0.21084277604651364,8,62
walk_only,0.21084277604651364,0.22706145112701467,3,55
walk_only,0.22706145112701467,0.24328012620751574,8,40
walk_only,0.24328012620751574,0.2594988012880168,2,34
walk_only,0.2594988012880168,0.27571747636851784,3,22
walk_only,0.27571747636851784,0.29193615144901885,2,21
walk_only,0.29193615144901885,0.3081548265295199,1,11
walk_only,0.3081548265295199,0.324373501610021,2,6
walk_only,0.324373501610021,0.340592176690522,4,9
walk_only,0.340592176690522,0.35681085177102306,0,3
walk_only,0.35681085177102306,0.37302952685152413,2,4
walk_only,0.37302952685152413,0.38924820193202514,0,1
walk_only,0.38924820193202514,0.4054668770125262,0,3
walk_only,0.4054668770125262,0.42168555209302727,0,3
walk_only,0.42168555209302727,0.43790422717352834,1,2
walk_only,0.43790422717352834,0.45412290225402935,0,0
walk_only,0.45412290225402935,0.4703415773345304,0,1
walk_only,0.4703415773345304,0.4865602524150315,0,1
walk_only,0.4865602524150315,0.5027789274955325,0,2
walk_only,0.5027789274955325,0.5189976025760336,0,2
walk_only,0.5189976025760336,0.5352162776565346,0,1
walk_only,0.5352162776565346,0.5514349527370357,0,1
walk_only,0.5514349527370357,0.5676536278175367,0,2
walk_only,0.5676536278175367,0.5838723028980377,1,1
walk_only,0.5838723028980377,0.6000909779785388,0,0
walk_only,0.6000909779785388,0.6163096530590398,0,0
walk_only,0.6163096530590398,0.6325283281395409,0,0
walk_only,0.6325283281395409,0.648747003220042,0,2
mindfulness,0.0,0.02499271386407874,91,80138
mindfulness,0.02499271386407874,0.04998542772815748,2,128
mindfulness,0.04998542772815748,0.07497814159223622,0,112
mindfulness,0.07497814159223622,0.09997085545631496,1,96
mindfulness,0.09997085545631496,0.1249635693203937,0,25
mindfulness,0.1249635693203937,0.14995628318447243,0,16
mindfulness,0.14995628318447243,0.17494899704855116,0,6
mindfulness,0.17494899704855116,0.1999417109126299,0,5
mindfulness,0.1999417109126299,0.22493442477670866,0,3
mindfulness,0.22493442477670866,0.2499271386407874,0,6
mindfulness,0.2499271386407874,0.2749198525048661,0,5
mindfulness,0.2749198525048661,0.29991256636894487,0,13
mindfulness,0.29991256636894487,0.3249052802330236,0,7
mindfulness,0.3249052802330236,0.3498979940971023,1,18
mindfulness,0.3498979940971023,0.37489070796118107,1,15
mindfulness,0.37489070796118107,0.3998834218252598,0,18
mindfulness,0.3998834218252598,0.4248761356893386,0,13
mindfulness,0.4248761356893386,0.4498688495534173,0,10
mindfulness,0.4498688495534173,0.474861563417496,0,5
mindfulness,0.474861563417496,0.4998542772815748,0,12
mindfulness,0.4998542772815748,0.5248469911456535,0,7
mindfulness,0.5248469911456535,0.5498397050097322,1,8
mindfulness,0.5498397050097322,0.574832418873811,0,13
mindfulness,0.574832418873811,0.5998251327378897,0,7
mindfulness,0.5998251327378897,0.6248178466019685,0,5
mindfulness,0.6248178466019685,0.6498105604660472,0,5
mindfulness,0.6498105604660472,0.674803274330126,1,6
mindfulness,0.674803274330126,0.6997959881942046,0,2
mindfulness,0.6997959881942046,0.7247887020582834,0,6
mindfulness,0.7247887020582834,0.7497814159223621,1,7
mindfulness,0.7497814159223621,0.7747741297864409,0,6
mindfulness,0.7747741297864409,0.7997668436505196,0,2
mindfulness,0.7997668436505196,0.8247595575145984,0,5
mindfulness,0.8247595575145984,0.8497522713786771,0,11
mindfulness,0.8497522713786771,0.8747449852427559,0,5
mindfulness,0.8747449852427559,0.8997376991068347,0,22
mindfulness,0.8997376991068347,0.9247304129709133,1,10
mindfulness,0.9247304129709133,0.949723126834992,0,1
mindfulness,0.949723126834992,0.9747158406990708,0,8
mindfulness,0.9747158406990708,0.9997085545631496,0,42
