event_type,id,auc,n,n_pos
exercise_any,621e2e8e67b776a24055b564,0.7492416079569001,1552,127
exercise_any,621e2eaf67b776a2406b14ac,0.6663451267630196,1861,162
exercise_any,621e2ed667b776a24085d8d1,0.8430023923444977,1603,19
exercise_any,621e2ef567b776a24099f889,0.8125,35,3
exercise_any,621e2efa67b776a2409dd1c3,0.5928217054263565,1543,43
exercise_any,621e2f1b67b776a240b3d87c,0.7642350557244174,1417,7
exercise_any,621e2f3967b776a240c654db,0.7435644472995917,1185,38
exercise_any,621e2f5767b776a240d8f9d6,0.7084063615709185,434,39
exercise_any,621e2f6167b776a240e082a9,0.7090635268346112,945,32
exercise_any,621e2f7a67b776a240f14425,0.7999048535740758,1172,83
exercise_any,621e2f9167b776a240011ccb,0.7867010196250411,1317,14
exercise_any,621e2fb367b776a24015accd,0.7044158295692039,1206,65
exercise_any,621e2fce67b776a240279baa,0.7425551470588235,1331,51
exercise_any,621e2ff067b776a2403eb737,0.6012523314681588,1257,6
exercise_any,621e300767b776a2404dc717,0.7346021675918584,595,13
exercise_any,621e301367b776a24057738e,0.8860795454545454,331,11
exercise_any,621e301e67b776a240608a72,0.7576304841149774,1402,80
exercise_any,621e309267b776a240ae1cdb,0.6791693155329519,462,33
exercise_any,621e309b67b776a240b532b0,0.7210095867410498,1109,111
exercise_any,621e30b267b776a240c5e13f,0.6665595888210729,1165,33
exercise_any,621e30c867b776a240d4aa6c,0.7764899015023381,1115,57
exercise_any,621e30e467b776a240e817c7,0.8335600907029478,322,7
exercise_any,621e30f467b776a240f22944,0.7545769421078674,1165,47
exercise_any,621e310d67b776a24003096d,0.7546066532357132,1346,47
exercise_any,621e312a67b776a240164d59,0.7603492552645096,1709,59
exercise_any,621e314867b776a24029ebf9,0.8509142053445851,1352,9
exercise_any,621e320b67b776a240d36a07,0.7031382427723891,1222,74
exercise_any,621e322367b776a240e44e9b,0.6788579958947566,1001,69
exercise_any,621e323667b776a240f19134,0.6883177570093457,1092,22
exercise_any,621e324e67b776a2400191cb,0.7154512105649303,1388,25
exercise_any,621e326767b776a24012e179,0.7102790980504089,1504,183
exercise_any,621e328667b776a240281372,0.7369942196531791,177,4
exercise_any,621e329067b776a2402ffad2,0.6701705752615285,1427,73
exercise_any,621e32af67b776a24045b4cf,0.7543435884396983,1337,95
exercise_any,621e32d067b776a2405b7d54,0.6912972085385879,409,3
exercise_any,621e32d967b776a240627414,0.6696284948295672,408,35
exercise_any,621e32e667b776a2406d2f1c,0.6923487544483986,2007,40
exercise_any,621e331067b776a24085dd3f,0.7975589225589226,798,6
exercise_any,621e332267b776a24092a584,0.7399732620320856,577,16
exercise_any,621e333967b776a240a3cd06,0.7687369702974384,1601,63
exercise_any,621e335a67b776a240bb12ff,0.776470588235294,1381,21
exercise_any,621e337667b776a240ce78ab,0.706014130234108,1758,137
exercise_any,621e339967b776a240e502de,0.7425114743538127,1217,88
exercise_any,621e33b067b776a240f39e56,0.6917001843472431,1362,36
exercise_any,621e33cf67b776a240087de9,0.7599726931391513,1653,55
exercise_any,621e33ed67b776a2401cf5f7,0.8272451888809693,1266,46
exercise_any,621e340467b776a2402d7982,0.7623179423613263,475,14
exercise_any,621e341067b776a24037b105,0.8471288841572958,1620,38
exercise_any,621e342e67b776a2404ce460,0.7419318038535206,1814,97
exercise_any,621e345267b776a240691064,0.7514080901177675,443,9
exercise_any,621e345c67b776a2407146a8,0.6830635118306351,821,18
exercise_any,621e346f67b776a24081744f,0.8108723958333333,4708,100
exercise_any,621e34ca67b776a240be3b69,0.7967032967032966,713,13
exercise_any,621e34db67b776a240c9c2be,0.6656414762741653,581,12
exercise_any,621e34ec67b776a240d60873,0.7690721649484537,204,10
exercise_any,621e34f767b776a240de4e1a,0.6538461538461537,214,6
exercise_any,621e34ff67b776a240e446d6,0.7897051335462667,1213,76
exercise_any,621e351a67b776a240f6204b,0.7658053402239449,1801,81
exercise_any,621e356967b776a24027bd9f,0.7494259471871413,1500,26
exercise_any,621e360b67b776a24039709f,0.7266432386192865,1243,74
exercise_any,621e362467b776a2404ad513,0.7092387494742745,1068,49
exercise_any,621e366567b776a24076a727,0.7772374911909796,1334,44
exercise_any,621e367e67b776a24087d75d,0.8404718391759428,3306,65
exercise_any,621e36bb67b776a240b40d64,0.39036144578313253,264,15
exercise_any,621e36c267b776a240ba2756,0.735631739152866,1007,84
exercise_any,621e36dd67b776a240ce9a45,0.6931014059041741,904,37
exercise_any,621e36f967b776a240e5e7c9,0.7346390222732427,1232,61
exercise_any,621e375367b776a24021e950,0.6708375893769153,367,11
exercise_any,621e375b67b776a240290cdc,0.6961363788152007,1510,84
exercise_vigorous,621e2eaf67b776a2406b14ac,0.6281387665198238,1861,45
exercise_vigorous,621e2ed667b776a24085d8d1,1.0,1603,1
exercise_vigorous,621e2ef567b776a24099f889,0.5757575757575757,35,2
exercise_vigorous,621e2efa67b776a2409dd1c3,0.6334668192219679,1543,23
exercise_vigorous,621e2f1b67b776a240b3d87c,0.6070671378091873,1417,2
exercise_vigorous,621e2f3967b776a240c654db,0.6172734970364098,1185,4
exercise_vigorous,621e2f5767b776a240d8f9d6,0.7141203703703702,434,2
exercise_vigorous,621e2f6167b776a240e082a9,0.7122994652406417,945,10
exercise_vigorous,621e2f7a67b776a240f14425,0.8163917949655078,1172,59
exercise_vigorous,621e2f9167b776a240011ccb,0.9407294832826747,1317,1
exercise_vigorous,621e2fb367b776a24015accd,0.7929459691252144,1206,40
exercise_vigorous,621e2fce67b776a240279baa,0.8093710691823899,1331,6
exercise_vigorous,621e2ff067b776a2403eb737,0.5581210191082803,1257,1
exercise_vigorous,621e300767b776a2404dc717,0.7166101694915255,595,5
exercise_vigorous,621e301367b776a24057738e,0.8515337423312883,331,5
exercise_vigorous,621e301e67b776a240608a72,0.834893861920889,1402,33
exercise_vigorous,621e309267b776a240ae1cdb,0.7006427915518825,462,33
exercise_vigorous,621e309b67b776a240b532b0,0.6864243943191312,1109,45
exercise_vigorous,621e30c867b776a240d4aa6c,0.6867980504344141,1115,26
exercise_vigorous,621e30e467b776a240e817c7,0.7953125,322,2
exercise_vigorous,621e30f467b776a240f22944,0.6811255411255411,1165,10
exercise_vigorous,621e312a67b776a240164d59,0.8743409490333919,1709,2
exercise_vigorous,621e314867b776a24029ebf9,0.8324646314221892,1352,9
exercise_vigorous,621e320b67b776a240d36a07,0.8323715306402858,1222,9
exercise_vigorous,621e322367b776a240e44e9b,0.6382207437734562,1001,24
exercise_vigorous,621e323667b776a240f19134,0.5857791607097805,1092,11
exercise_vigorous,621e326767b776a24012e179,0.818960133236182,1504,26
exercise_vigorous,621e328667b776a240281372,0.8526011560693642,177,4
exercise_vigorous,621e329067b776a2402ffad2,0.538939713816561,1427,6
exercise_vigorous,621e32af67b776a24045b4cf,0.6990104608425219,1337,27
exercise_vigorous,621e32d967b776a240627414,0.4696782178217822,408,4
exercise_vigorous,621e32e667b776a2406d2f1c,0.7906281156530408,2007,1
exercise_vigorous,621e331067b776a24085dd3f,0.8795483061480552,798,1
exercise_vigorous,621e332267b776a24092a584,0.390625,577,1
exercise_vigorous,621e333967b776a240a3cd06,0.7923016290068313,1601,44
exercise_vigorous,621e335a67b776a240bb12ff,0.8420289855072464,1381,1
exercise_vigorous,621e337667b776a240ce78ab,0.7744279176201374,1758,10
exercise_vigorous,621e339967b776a240e502de,0.6971597776166303,1217,35
exercise_vigorous,621e33b067b776a240f39e56,0.7582258597883598,1362,18
exercise_vigorous,621e33cf67b776a240087de9,0.6773802304426926,1653,4
exercise_vigorous,621e33ed67b776a2401cf5f7,0.836436587047834,1266,39
exercise_vigorous,621e340467b776a2402d7982,0.875,475,3
exercise_vigorous,621e341067b776a24037b105,0.993823347745522,1620,1
exercise_vigorous,621e342e67b776a2404ce460,0.5676048565121412,1814,2
exercise_vigorous,621e345267b776a240691064,0.5158371040723981,443,1
exercise_vigorous,621e345c67b776a2407146a8,0.730879345603272,821,6
exercise_vigorous,621e346f67b776a24081744f,0.8942845530028839,4708,11
exercise_vigorous,621e34db67b776a240c9c2be,0.45517241379310347,581,1
exercise_vigorous,621e34ec67b776a240d60873,0.29064039408866993,204,1
exercise_vigorous,621e34ff67b776a240e446d6,0.7860755015399984,1213,41
exercise_vigorous,621e351a67b776a240f6204b,0.7968767745599091,1801,40
exercise_vigorous,621e356967b776a24027bd9f,0.7848065677013045,1500,18
exercise_vigorous,621e360b67b776a24039709f,0.4604838709677419,1243,3
exercise_vigorous,621e366567b776a24076a727,0.8058821920805076,1334,28
exercise_vigorous,621e367e67b776a24087d75d,0.816416230026415,3306,7
exercise_vigorous,621e36bb67b776a240b40d64,0.9315589353612167,264,1
exercise_vigorous,621e36c267b776a240ba2756,0.5477432296890672,1007,10
exercise_vigorous,621e36dd67b776a240ce9a45,0.743271221532091,904,7
exercise_vigorous,621e36f967b776a240e5e7c9,0.5412010538748069,1232,9
exercise_vigorous,621e375b67b776a240290cdc,0.7268004459308807,1510,15
walk_only,621e2e8e67b776a24055b564,0.7084901229451582,1552,127
walk_only,621e2eaf67b776a2406b14ac,0.6588438805041525,1861,122
walk_only,621e2ed667b776a24085d8d1,0.8732211706975114,1603,18
walk_only,621e2ef567b776a24099f889,0.5294117647058824,35,1
walk_only,621e2efa67b776a2409dd1c3,0.7115889691398555,1543,20
walk_only,621e2f1b67b776a240b3d87c,0.9061763319189061,1417,3
walk_only,621e2f3967b776a240c654db,0.7672546583850932,1185,35
walk_only,621e2f5767b776a240d8f9d6,0.6941929334876438,434,37
walk_only,621e2f6167b776a240e082a9,0.7611317254174397,945,21
walk_only,621e2f7a67b776a240f14425,0.7485119047619047,1172,24
walk_only,621e2f9167b776a240011ccb,0.7754837187352526,1317,13
walk_only,621e2fb367b776a24015accd,0.5990547588005215,1206,26
walk_only,621e2fce67b776a240279baa,0.7441852427855538,1331,45
walk_only,621e2ff067b776a2403eb737,0.5889954702904343,1257,6
walk_only,621e300767b776a2404dc717,0.8407155025553663,595,8
walk_only,621e301367b776a24057738e,0.8343589743589743,331,6
walk_only,621e301e67b776a240608a72,0.8022660329361361,1402,44
walk_only,621e309b67b776a240b532b0,0.7262812906142284,1109,68
walk_only,621e30b267b776a240c5e13f,0.6477674269193704,1165,33
walk_only,621e30c867b776a240d4aa6c,0.7096272305836032,1115,29
walk_only,621e30e467b776a240e817c7,0.8561514195583596,322,5
walk_only,621e30f467b776a240f22944,0.8056787932564329,1165,38
walk_only,621e310d67b776a24003096d,0.7479135053110774,1346,28
walk_only,621e312a67b776a240164d59,0.7637950809226457,1709,57
walk_only,621e320b67b776a240d36a07,0.7278009990824753,1222,68
walk_only,621e322367b776a240e44e9b,0.5641930343728659,1001,46
walk_only,621e323667b776a240f19134,0.8043057774787654,1092,11
walk_only,621e324e67b776a2400191cb,0.689479090242113,1388,25
walk_only,621e326767b776a24012e179,0.6206693061485508,1504,158
walk_only,621e329067b776a2402ffad2,0.6387644461758214,1427,68
walk_only,621e32af67b776a24045b4cf,0.7410915554014219,1337,73
walk_only,621e32d067b776a2405b7d54,0.7430213464696223,409,3
walk_only,621e32d967b776a240627414,0.6527765893728074,408,31
walk_only,621e32e667b776a2406d2f1c,0.76237752762143,2007,39
walk_only,621e331067b776a24085dd3f,0.6693568726355611,798,5
walk_only,621e332267b776a24092a584,0.7124555160142348,577,15
walk_only,621e333967b776a240a3cd06,0.7877828314813748,1601,22
walk_only,621e335a67b776a240bb12ff,0.7596988795518207,1381,21
walk_only,621e337667b776a240ce78ab,0.7059464184464185,1758,130
walk_only,621e339967b776a240e502de,0.7750390114964492,1217,54
walk_only,621e33b067b776a240f39e56,0.7091600529100529,1362,18
walk_only,621e33cf67b776a240087de9,0.7501681641281891,1653,52
walk_only,621e33ed67b776a2401cf5f7,0.6778622489504141,1266,7
walk_only,621e340467b776a2402d7982,0.8224921630094043,475,11
walk_only,621e341067b776a24037b105,0.8432073893223608,1620,37
walk_only,621e342e67b776a2404ce460,0.7484645295612503,1814,95
walk_only,621e345267b776a240691064,0.7135057471264369,443,8
walk_only,621e345c67b776a2407146a8,0.6377214668314792,821,12
walk_only,621e346f67b776a24081744f,0.8241253153194791,4708,89
walk_only,621e34ca67b776a240be3b69,0.7497802197802198,713,13
walk_only,621e34db67b776a240c9c2be,0.6481658692185008,581,11
walk_only,621e34ec67b776a240d60873,0.7361823361823362,204,9
walk_only,621e34f767b776a240de4e1a,0.7387820512820513,214,6
walk_only,621e34ff67b776a240e446d6,0.8071824381926683,1213,40
walk_only,621e351a67b776a240f6204b,0.7601044966025068,1801,42
walk_only,621e356967b776a24027bd9f,0.749078418230563,1500,8
walk_only,621e360b67b776a24039709f,0.7442316012113638,1243,71
walk_only,621e362467b776a2404ad513,0.7199735635176543,1068,49
walk_only,621e366567b776a24076a727,0.7373861911987861,1334,16
walk_only,621e367e67b776a24087d75d,0.8784275445913567,3306,59
walk_only,621e36bb67b776a240b40d64,0.35171428571428565,264,14
walk_only,621e36c267b776a240ba2756,0.6887189778958676,1007,76
walk_only,621e36dd67b776a240ce9a45,0.6851258581235697,904,30
walk_only,621e36f967b776a240e5e7c9,0.771096388048714,1232,53
walk_only,621e375367b776a24021e950,0.6585801838610827,367,11
walk_only,621e375b67b776a240290cdc,0.7037282885274918,1510,69
mindfulness,621e2f1b67b776a240b3d87c,0.6102732434350604,1417,8
mindfulness,621e2f9167b776a240011ccb,0.5283786678089527,1317,29
mindfulness,621e2fb367b776a24015accd,0.06680497925311202,1206,1
mindfulness,621e309267b776a240ae1cdb,0.8233695652173914,462,2
mindfulness,621e310d67b776a24003096d,0.20796130952380956,1346,2
mindfulness,621e314867b776a24029ebf9,0.7586972612879348,1352,1
mindfulness,621e323667b776a240f19134,0.7864344637946838,1092,1
mindfulness,621e328667b776a240281372,0.84375,177,1
mindfulness,621e329067b776a2402ffad2,0.8194249649368864,1427,1
mindfulness,621e32af67b776a24045b4cf,0.4860902255639098,1337,7
mindfulness,621e32d067b776a2405b7d54,0.6652334152334153,409,2
mindfulness,621e32e667b776a2406d2f1c,0.4734413965087282,2007,2
mindfulness,621e333967b776a240a3cd06,0.8088296760710554,1601,6
mindfulness,621e339967b776a240e502de,0.6528335301062573,1217,7
mindfulness,621e33b067b776a240f39e56,0.6536669119450577,1362,3
mindfulness,621e33cf67b776a240087de9,0.3421824825600709,1653,11
mindfulness,621e33ed67b776a2401cf5f7,0.8518078648719978,1266,3
mindfulness,621e341067b776a24037b105,0.44032158317872605,1620,3
mindfulness,621e34db67b776a240c9c2be,0.46637931034482755,581,1
mindfulness,621e34ff67b776a240e446d6,0.7299752270850537,1213,2
mindfulness,621e360b67b776a24039709f,0.28703703703703703,1243,1
mindfulness,621e366567b776a24076a727,0.27064564564564564,1334,2
mindfulness,621e367e67b776a24087d75d,0.5238870381586916,3306,4
