event_type,channel_set,p_min,min_triples_per_participant,n_participants
exercise_any,bpm,0.75,1,69
exercise_any,bpm,0.75,5,66
exercise_any,bpm,0.75,10,59
exercise_any,bpm,0.75,20,48
exercise_any,bpm,0.75,30,42
exercise_any,bpm,0.75,50,29
exercise_any,bpm,0.75,100,7
exercise_any,bpm,0.75,200,0
exercise_any,bpm,0.9,1,69
exercise_any,bpm,0.9,5,65
exercise_any,bpm,0.9,10,55
exercise_any,bpm,0.9,20,46
exercise_any,bpm,0.9,30,39
exercise_any,bpm,0.9,50,27
exercise_any,bpm,0.9,100,5
exercise_any,bpm,0.9,200,0
exercise_any,bpm+steps,0.75,1,69
exercise_any,bpm+steps,0.75,5,66
exercise_any,bpm+steps,0.75,10,58
exercise_any,bpm+steps,0.75,20,48
exercise_any,bpm+steps,0.75,30,42
exercise_any,bpm+steps,0.75,50,29
exercise_any,bpm+steps,0.75,100,7
exercise_any,bpm+steps,0.75,200,0
exercise_any,bpm+steps,0.9,1,68
exercise_any,bpm+steps,0.9,5,62
exercise_any,bpm+steps,0.9,10,53
exercise_any,bpm+steps,0.9,20,45
exercise_any,bpm+steps,0.9,30,36
exercise_any,bpm+steps,0.9,50,25
exercise_any,bpm+steps,0.9,100,4
exercise_any,bpm+steps,0.9,200,0
exercise_any,5x_true_hourly,0.75,1,68
exercise_any,5x_true_hourly,0.75,5,64
exercise_any,5x_true_hourly,0.75,10,55
exercise_any,5x_true_hourly,0.75,20,48
exercise_any,5x_true_hourly,0.75,30,40
exercise_any,5x_true_hourly,0.75,50,29
exercise_any,5x_true_hourly,0.75,100,6
exercise_any,5x_true_hourly,0.75,200,0
exercise_any,5x_true_hourly,0.9,1,59
exercise_any,5x_true_hourly,0.9,5,56
exercise_any,5x_true_hourly,0.9,10,46
exercise_any,5x_true_hourly,0.9,20,41
exercise_any,5x_true_hourly,0.9,30,35
exercise_any,5x_true_hourly,0.9,50,20
exercise_any,5x_true_hourly,0.9,100,4
exercise_any,5x_true_hourly,0.9,200,0
exercise_vigorous,bpm,0.75,1,60
exercise_vigorous,bpm,0.75,5,39
exercise_vigorous,bpm,0.75,10,26
exercise_vigorous,bpm,0.75,20,18
exercise_vigorous,bpm,0.75,30,10
exercise_vigorous,bpm,0.75,50,2
exercise_vigorous,bpm,0.75,100,0
exercise_vigorous,bpm,0.75,200,0
exercise_vigorous,bpm,0.9,1,59
exercise_vigorous,bpm,0.9,5,36
exercise_vigorous,bpm,0.9,10,23
exercise_vigorous,bpm,0.9,20,15
exercise_vigorous,bpm,0.9,30,8
exercise_vigorous,bpm,0.9,50,1
exercise_vigorous,bpm,0.9,100,0
exercise_vigorous,bpm,0.9,200,0
exercise_vigorous,bpm+steps,0.75,1,59
exercise_vigorous,bpm+steps,0.75,5,38
exercise_vigorous,bpm+steps,0.75,10,26
exercise_vigorous,bpm+steps,0.75,20,17
exercise_vigorous,bpm+steps,0.75,30,10
exercise_vigorous,bpm+steps,0.75,50,2
exercise_vigorous,bpm+steps,0.75,100,0
exercise_vigorous,bpm+steps,0.75,200,0
exercise_vigorous,bpm+steps,0.9,1,57
exercise_vigorous,bpm+steps,0.9,5,36
exercise_vigorous,bpm+steps,0.9,10,20
exercise_vigorous,bpm+steps,0.9,20,15
exercise_vigorous,bpm+steps,0.9,30,7
exercise_vigorous,bpm+steps,0.9,50,1
exercise_vigorous,bpm+steps,0.9,100,0
exercise_vigorous,bpm+steps,0.9,200,0
exercise_vigorous,5x_true_hourly,0.75,1,57
exercise_vigorous,5x_true_hourly,0.75,5,37
exercise_vigorous,5x_true_hourly,0.75,10,26
exercise_vigorous,5x_true_hourly,0.75,20,17
exercise_vigorous,5x_true_hourly,0.75,30,9
exercise_vigorous,5x_true_hourly,0.75,50,1
exercise_vigorous,5x_true_hourly,0.75,100,0
exercise_vigorous,5x_true_hourly,0.75,200,0
exercise_vigorous,5x_true_hourly,0.9,1,47
exercise_vigorous,5x_true_hourly,0.9,5,30
exercise_vigorous,5x_true_hourly,0.9,10,20
exercise_vigorous,5x_true_hourly,0.9,20,13
exercise_vigorous,5x_true_hourly,0.9,30,7
exercise_vigorous,5x_true_hourly,0.9,50,0
exercise_vigorous,5x_true_hourly,0.9,100,0
exercise_vigorous,5x_true_hourly,0.9,200,0
walk_only,bpm,0.75,1,67
walk_only,bpm,0.75,5,62
walk_only,bpm,0.75,10,52
walk_only,bpm,0.75,20,41
walk_only,bpm,0.75,30,33
walk_only,bpm,0.75,50,19
walk_only,bpm,0.75,100,5
walk_only,bpm,0.75,200,0
walk_only,bpm,0.9,1,66
walk_only,bpm,0.9,5,62
walk_only,bpm,0.9,10,50
walk_only,bpm,0.9,20,41
walk_only,bpm,0.9,30,28
walk_only,bpm,0.9,50,18
walk_only,bpm,0.9,100,4
walk_only,bpm,0.9,200,0
walk_only,bpm+steps,0.75,1,66
walk_only,bpm+steps,0.75,5,62
walk_only,bpm+steps,0.75,10,52
walk_only,bpm+steps,0.75,20,41
walk_only,bpm+steps,0.75,30,33
walk_only,bpm+steps,0.75,50,19
walk_only,bpm+steps,0.75,100,4
walk_only,bpm+steps,0.75,200,0
walk_only,bpm+steps,0.9,1,65
walk_only,bpm+steps,0.9,5,58
walk_only,bpm+steps,0.9,10,47
walk_only,bpm+steps,0.9,20,40
walk_only,bpm+steps,0.9,30,27
walk_only,bpm+steps,0.9,50,16
walk_only,bpm+steps,0.9,100,4
walk_only,bpm+steps,0.9,200,0
walk_only,5x_true_hourly,0.75,1,65
walk_only,5x_true_hourly,0.75,5,60
walk_only,5x_true_hourly,0.75,10,49
walk_only,5x_true_hourly,0.75,20,41
walk_only,5x_true_hourly,0.75,30,31
walk_only,5x_true_hourly,0.75,50,18
walk_only,5x_true_hourly,0.75,100,4
walk_only,5x_true_hourly,0.75,200,0
walk_only,5x_true_hourly,0.9,1,56
walk_only,5x_true_hourly,0.9,5,51
walk_only,5x_true_hourly,0.9,10,44
walk_only,5x_true_hourly,0.9,20,35
walk_only,5x_true_hourly,0.9,30,24
walk_only,5x_true_hourly,0.9,50,13
walk_only,5x_true_hourly,0.9,100,4
walk_only,5x_true_hourly,0.9,200,0
mindfulness,bpm,0.75,1,24
mindfulness,bpm,0.75,5,7
mindfulness,bpm,0.75,10,2
mindfulness,bpm,0.75,20,1
mindfulness,bpm,0.75,30,1
mindfulness,bpm,0.75,50,0
mindfulness,bpm,0.75,100,0
mindfulness,bpm,0.75,200,0
mindfulness,bpm,0.9,1,23
mindfulness,bpm,0.9,5,7
mindfulness,bpm,0.9,10,2
mindfulness,bpm,0.9,20,1
mindfulness,bpm,0.9,30,1
mindfulness,bpm,0.9,50,0
mindfulness,bpm,0.9,100,0
mindfulness,bpm,0.9,200,0
mindfulness,bpm+steps,0.75,1,24
mindfulness,bpm+steps,0.75,5,6
mindfulness,bpm+steps,0.75,10,2
mindfulness,bpm+steps,0.75,20,1
mindfulness,bpm+steps,0.75,30,0
mindfulness,bpm+steps,0.75,50,0
mindfulness,bpm+steps,0.75,100,0
mindfulness,bpm+steps,0.75,200,0
mindfulness,bpm+steps,0.9,1,22
mindfulness,bpm+steps,0.9,5,6
mindfulness,bpm+steps,0.9,10,1
mindfulness,bpm+steps,0.9,20,0
mindfulness,bpm+steps,0.9,30,0
mindfulness,bpm+steps,0.9,50,0
mindfulness,bpm+steps,0.9,100,0
mindfulness,bpm+steps,0.9,200,0
mindfulness,5x_true_hourly,0.75,1,24
mindfulness,5x_true_hourly,0.75,5,6
mindfulness,5x_true_hourly,0.75,10,2
mindfulness,5x_true_hourly,0.75,20,1
mindfulness,5x_true_hourly,0.75,30,0
mindfulness,5x_true_hourly,0.75,50,0
mindfulness,5x_true_hourly,0.75,100,0
mindfulness,5x_true_hourly,0.75,200,0
mindfulness,5x_true_hourly,0.9,1,17
mindfulness,5x_true_hourly,0.9,5,6
mindfulness,5x_true_hourly,0.9,10,1
mindfulness,5x_true_hourly,0.9,20,0
mindfulness,5x_true_hourly,0.9,30,0
mindfulness,5x_true_hourly,0.9,50,0
mindfulness,5x_true_hourly,0.9,100,0
mindfulness,5x_true_hourly,0.9,200,0
